DishID,Name,Cuisine,Course
1,Low-Fat Berry Blue Frozen Dessert,International,Main Course
2,Biryani,International,Main Course
3,Best Lemonade,International,Main Course
4,Carina's Tofu-Vegetable Kebabs,International,Main Course
5,Cabbage Soup,International,Main Course
6,Best Blackbottom Pie,International,Main Course
7,Warm Chicken A La King,International,Main Course
8,Buttermilk Pie With Gingersnap Crumb Crust,International,Main Course
9,A Jad - Cucumber Pickle,International,Main Course
10,Butter Pecan Cookies,International,Main Course
11,Boston Cream Pie,International,Main Course
12,Chicken Breasts Lombardi,International,Main Course
13,Biscotti Di Prato,International,Main Course
14,Chai Tea,International,Main Course
15,Cafe Cappuccino,International,Main Course
16,Jimmy G's Carrot Cake,International,Main Course
17,Carrot Cake,International,Main Course
18,Betty Crocker's Southwestern Guacamole Dip,International,Main Course
19,Buttermilk Pie,International,Main Course
20,Black Bean Salsa,International,Main Course
21,Low-Fat Burgundy Beef & Vegetable Stew,International,Main Course
22,Lou's Fabulous Bruschetta,International,Main Course
23,Blueberry Dessert,International,Main Course
24,Brownie Heart Cake,International,Main Course
25,"Black Bean, Corn, and Tomato Salad",International,Main Course
26,Cabbage and Sausage Soup,International,Main Course
27,Almond Pound Cake,International,Main Course
28,Black Coffee Barbecue Sauce,International,Main Course
29,Bourbon Pecan Pound Cake,International,Main Course
30,Chicago Style Pizza,International,Main Course
31,Chicha Peruana,International,Main Course
32,Buckwheat Bread,International,Main Course
33,Chicken and Dumplings,International,Main Course
34,Brownie Pudding,International,Main Course
35,Bratwurst,International,Main Course
36,Brownie Cheesecake Torte,International,Main Course
37,California Chilled Salsa,International,Main Course
38,Alfredo Sauce,International,Main Course
39,Buttermilk Ranch Dressing,International,Main Course
40,Brisket with Sauerkraut and Applesauce,International,Main Course
41,Bread Pudding,International,Main Course
42,All Purpose Quick Mix With 28 Variations,International,Main Course
43,Brazilian Empadinhas,International,Main Course
44,Bubble and Squeak,International,Main Course
45,Braised Brussels Sprouts With Vinegar and Dill,International,Main Course
46,Butter Madeira Cake,International,Main Course
47,Butter Dips,International,Main Course
48,Brownies,International,Main Course
49,Breakfast Burritos,International,Main Course
50,Almond Joy Cake,International,Main Course
51,Almond Paste,International,Main Course
52,Brown Rice and Vegetable Pilaf,International,Main Course
53,Brown Bag Apple Salad,International,Main Course
54,Blue Stuffed Mushrooms,International,Main Course
55,Blueberry Buttertarts,International,Main Course
56,Calzone,International,Main Course
57,"Capsicum, Tomato and Crunchy Bread Salad",International,Main Course
58,Chaat Masala,International,Main Course
59,Bread Pudding with Jack Daniels Sauce,International,Main Course
60,Braised Chicken with Onions and Tomatoes,International,Main Course
61,Cheesy Scalloped Potato Side Dish,International,Main Course
62,Borscht,International,Main Course
63,Cheeseburger Casserole,International,Main Course
64,Caputo's Halibut With Mint and Balsamic Vinegar,International,Main Course
65,Cajun Beef Burgers,International,Main Course
66,Buttermilk Pie in Cornmeal Pastry,International,Main Course
67,Butterflied Lamb with Garlic Butter,International,Main Course
68,Borsch,International,Main Course
69,Chicken and Broccoli Lasagna,International,Main Course
70,Carrot Ginger Biscuits,International,Main Course
71,Chicken Breasts Saltimbocca,International,Main Course
72,A New Spaghetti with Clams,International,Main Course
73,Blueberry Scones,International,Main Course
74,Blueberry Cookies,International,Main Course
75,Abby's Pecan Apple Cake,International,Main Course
76,Carrot & Tahini Sandwich,International,Main Course
77,Carrot Cake II,International,Main Course
78,Lamb and Pork Cassoulet,International,Main Course
79,Commissary Carrot Cake,International,Main Course
80,Carrot Maple Cheesecake,International,Main Course
81,Catherine's Excellent Yorkshire Pudding,International,Main Course
82,Caribbean Cowpeas and Rice,International,Main Course
83,Carnation Lean Fettuccine Alfredo,International,Main Course
84,Caramel Rice Pudding,International,Main Course
85,Caramel Apple Milkshakes,International,Main Course
86,Champagne Punch,International,Main Course
87,Butterscotch Apple Dumpling,International,Main Course
88,Buttermilk-Oat Bread,International,Main Course
89,Blueberry Pancake Syrup,International,Main Course
90,Chanfana Ou Lampantana,International,Main Course
91,Cherry Sandwich Maker Snack,International,Main Course
92,Cheesecake Cupcakes with Blueberries,International,Main Course
93,Cheese and Pineapple Dip,International,Main Course
94,Chicken and Pineapple Salad With Curry Mayonnaise,International,Main Course
95,Carrie's Pizza Rolls,International,Main Course
96,Almond Fudge Banana Cake,International,Main Course
97,Cherry Tomatoes on Provolone Garlic Bread,International,Main Course
98,Cheesy Chicken Noodle Casserole,International,Main Course
99,Caramel Sultana Square,International,Main Course
100,&quot;21&quot; Apple Pie,International,Main Course
101,Campfire Orange Cake,International,Main Course
102,Bugwiches,International,Main Course
103,Cheese Rolls,International,Main Course
104,All-Purpose Crock Pot Chicken,International,Main Course
105,Anise Toast,International,Main Course
106,Angel Food Cake Waldorf,International,Main Course
107,Amish Friendship Bread and Starter,International,Main Course
108,Amish Cornbread,International,Main Course
109,Light Cucumber Soup,International,Main Course
110,Cold Celery,International,Main Course
111,Coconut-Lemon Macaroons,International,Main Course
112,Chicken Flambe,International,Main Course
113,Chicken Curry,International,Main Course
114,Chicken Goulash on a Sour Cream Crust,International,Main Course
115,Chicken in Pizza Dough,International,Main Course
116,Chicken Lasagna,International,Main Course
117,Chicken Liver Pate,International,Main Course
118,Chicken Liver Pate II,International,Main Course
119,Coconut Shrimp With Orange Mustard Sauce,International,Main Course
120,Chicken Liver Pate III,International,Main Course
121,Appetizers-Easy Stuffed Mushrooms,International,Main Course
122,Anzac Biscuits,International,Main Course
123,Ancho Chile Rub,International,Main Course
124,Amish Six Layer Dinner,International,Main Course
125,Chicken on Sunday  (Or Whenever),International,Main Course
126,Chicken Pot Pie Lasagna,International,Main Course
127,Chicken Roll-Ups,International,Main Course
128,Chicken Supreme with Mushrooms,International,Main Course
129,Cola Roast,International,Main Course
130,Cola Cake,International,Main Course
131,Chicken Sate with Peanut Sauce,International,Main Course
132,Coconut Crunch Beans,International,Main Course
133,Coconut Chicken Bites,International,Main Course
134,Chocolate Pound Cake,International,Main Course
135,Chicken With Portabella Mushrooms-,International,Main Course
136,Low-Fat Apple &amp; Apricot,International,Main Course
137,"Chicken, Mozzarella & Pepper Tarts",International,Main Course
138,Cola Fruit and Date Loaf,International,Main Course
139,Coca-Cola Cake,International,Main Course
140,Chicken-Fried Steak With Cracked Pepper Gravy,International,Main Course
141,Claudi Sanders' Refrigerator Rolls,International,Main Course
142,"$20,000 Prize-Winning Chili Con Carne",International,Main Course
143,Chilies Corn Muffins,International,Main Course
144,Classic Cream Scones,International,Main Course
145,Chinese Chicken,International,Main Course
146,Classic Chicken and Coconut Soup,International,Main Course
147,Chinese Hot and Sour Chicken Noodle Salad,International,Main Course
148,Clam - Lobster Bake,International,Main Course
149,Civil War Cake,International,Main Course
150,Chinese Hot and Sour Pork Soup,International,Main Course
151,Citrus Glazed Barbecued Pork Loin,International,Main Course
152,Citrus Chicken,International,Main Course
153,Citrus Baked Halibut,International,Main Course
154,Chinese Plum Sauce,International,Main Course
155,Chinese Meatballs,International,Main Course
156,Cinnamon Curry Rice,International,Main Course
157,Chocolate Almond Scones,International,Main Course
158,Cinnamon Apple Salad,International,Main Course
159,Chunky Tomato Cheese Pie,International,Main Course
160,Chocolate Bread and Butter Pudding,International,Main Course
161,Christmas Snow Punch,International,Main Course
162,Christmas Cranberry Salad,International,Main Course
163,Chocolate Caramels,International,Main Course
164,Chocolatey Raisin Chip Cookies,International,Main Course
165,Chocolate-Chocolate Cupcakes,International,Main Course
166,Crock Pot Chocolate Zucchini Nut Bread,International,Main Course
167,Chocolate Cashew Spread,International,Main Course
168,Chocolate Chip Cheesecake Dip,International,Main Course
169,Chocolate Chip Cookie Pizza,International,Main Course
170,Chocolate Zucchini Cake,International,Main Course
171,Chocolate Zucchini Bread,International,Main Course
172,Chocolate Chip Muffins,International,Main Course
173,Chocolate Triumph of Gluttony Cake,International,Main Course
174,Chocolate Chip Squares,International,Main Course
175,Chocolate Tapioca Pudding,International,Main Course
176,Chocolate Chip Shortbread,International,Main Course
177,Chocolate Chunk and Walnut Brownies,International,Main Course
178,Chocolate Pudding,International,Main Course
179,Chocolate Coffee,International,Main Course
180,Chocolate Pudding II,International,Main Course
181,Fudgy Chocolate Crinkle Cookies,International,Main Course
182,Chocolate Cream Puffs,International,Main Course
183,Chocolate Cream Meringue Pie,International,Main Course
184,Chocolate Cream Easter Eggs,International,Main Course
185,Chocolate Cream Cheese Pie,International,Main Course
186,Chocolate Cream Brulee,International,Main Course
187,Chicken Curry II,International,Main Course
188,Chicken Giblets or Livers,International,Main Course
189,Chicken Fried Brown Rice,International,Main Course
190,&quot;any&quot; Muffins,International,Main Course
191,Amber and Zach's Kisses,International,Main Course
192,Swiss Crab Melt,International,Main Course
193,Lee's Hot Crab Dip,International,Main Course
194,Grilled Avocado Toast,International,Main Course
195,Mustard Dill Sauce I,International,Main Course
196,Cucumber Pita Wedges,International,Main Course
197,Thai Chicken Curry,International,Main Course
198,Thai Chicken Noodles,International,Main Course
199,Sorrel Tarragon Sauce,International,Main Course
200,Thai Cucumber Salad,International,Main Course
201,Lime Pistachio Bars,International,Main Course
202,London Bars,International,Main Course
203,Stewed Jimmy Crabs,International,Main Course
204,Ann's Blooming Lovely Chocolate Cheesecake,International,Main Course
205,Chinese Style Sauteed Firm Tofu,International,Main Course
206,Chesapeake Bay Crab Salad,International,Main Course
207,Crab Bisque Chincoteague,International,Main Course
208,Maryland Pavilion Crab Cakes,International,Main Course
209,Crabapple Jelly,International,Main Course
210,Trifle,International,Main Course
211,Suffolk Trifle (English),International,Main Course
212,Twice-Baked Potatoes (Microwave),International,Main Course
213,Twice Baked Potatoes,International,Main Course
214,Spiced Pear Butter,International,Main Course
215,Lemon Curried Lamb Chops,International,Main Course
216,Lemon Mint Lamb Chops,International,Main Course
217,Winter Pear Butter,International,Main Course
218,Meatballs in Cheese Pastry,International,Main Course
219,Basic Habanero Sauce,International,Main Course
220,Greek Phyllo Seafood Rolls,International,Main Course
221,Ouzo-Marinated Greek Cheese,International,Main Course
222,Greek Spinach Triangles,International,Main Course
223,Grand Marnier Cake,International,Main Course
224,Spanish Potato Omelet (Tortilla a la Espanola),International,Main Course
225,French Pecan Pie,International,Main Course
226,Thai Coconut Chicken Soup,International,Main Course
227,Salt Cod Chowder,International,Main Course
228,Thai Fried Bananas,International,Main Course
229,Thai Beef Salad,International,Main Course
230,Feijoada (Brazilian Bean Soup),International,Main Course
231,Thai Coconut Custard,International,Main Course
232,Feijoada (Brazilian Bean Soup) II,International,Main Course
233,Bean Curd With Broccoli,International,Main Course
234,Cauliflower and Potatoes,International,Main Course
235,Curried Vegetables,International,Main Course
236,Scrambled Tofu on Toast,International,Main Course
237,Crisp Sauteed Cucumbers With Lemon,International,Main Course
238,Tutti Frutti Trifle,International,Main Course
239,Creamed Cucumbers,International,Main Course
240,Virginia Fried Soft Shell Crabs,International,Main Course
241,Blue Jimmy Pillows,International,Main Course
242,Apricot Salsa,International,Main Course
243,English Trifle - Guy Attwood,International,Main Course
244,Rote Gr&uuml;tze,International,Main Course
245,Twice Baked Ham and Cheese Potatoes,International,Main Course
246,Rock Candy,International,Main Course
247,Twice-Baked Sweet Potatoes,International,Main Course
248,Rock Candy II,International,Main Course
249,Curry Curlies,International,Main Course
250,Florentiner,International,Main Course
251,Homemade Butter,International,Main Course
252,Homemade Butter II,International,Main Course
253,Florentines,International,Main Course
254,How to Make Yeast,International,Main Course
255,Thai Citrus Chicken Salad,International,Main Course
256,Chutney Ham Salad,International,Main Course
257,Dolmades with Yogurt-Mint Sauce,International,Main Course
258,Grand Marnier Cake II,International,Main Course
259,French Pecan Pie II,International,Main Course
260,Fish Chowder,International,Main Course
261,Drunken Chicken,International,Main Course
262,Drunken Chicken II,International,Main Course
263,Curry Chicken,International,Main Course
264,Curried Chicken,International,Main Course
265,Cheesy Stuffed Acorn Squash,International,Main Course
266,"Acorn, Butternut Squash and Parsnips Gratin",International,Main Course
267,Chicken Caesar Wraps,International,Main Course
268,Spicy Acorn Squash Soup,International,Main Course
269,Ken's White Chili,International,Main Course
270,White Chili,International,Main Course
271,Light Easy Crisp,International,Main Course
272,Giant Baked Hero,International,Main Course
273,Brown Sugar Shortbread,International,Main Course
274,Pork Sate With Peanut Dipping Sauce,International,Main Course
275,Eight Layer Shortbread Slices,International,Main Course
276,Oktoberfest Spinach Strudel,International,Main Course
277,Thai Fish Curry,International,Main Course
278,Spinach Phyllo Casserole,International,Main Course
279,Mango Salsa,International,Main Course
280,Grilled Pineapple Salsa,International,Main Course
281,Country Fried Yellow Squash,International,Main Course
282,Tangy Marinated Yellow Squash (No Cooking),International,Main Course
283,Secret Salsa,International,Main Course
284,Mashed Sweet Potato Pie,International,Main Course
285,Potatoes Tapas in Garlic Mayonnaise (Potatoes Aioli),International,Main Course
286,Roasted Tomato and Mint Salsa,International,Main Course
287,Raspberry Tapioca With Vanilla Sauce,International,Main Course
288,Spaetzle - Basic Recipe - Art Culinaire Issue,International,Main Course
289,Home-Style Meatballs (Albondigas Caseras),International,Main Course
290,Banana Orange Ice Cream,International,Main Course
291,Kahlua,International,Main Course
292,Apple Crisp,International,Main Course
293,Apple Crisp II,International,Main Course
294,Fruit-Filled Acorn Squash,International,Main Course
295,Killer Kahlua,International,Main Course
296,Baked Zucchini Frittatas,International,Main Course
297,Fat-Free Fettuccine Alfredo,International,Main Course
298,Lemon Chicken,International,Main Course
299,Hawaiian Ham Salad,International,Main Course
300,Zucchini Frittatas II,International,Main Course
301,Mom's First Place Turkey Fruit Salad,International,Main Course
302,Jarrett House Vinegar Pie,International,Main Course
303,Vinegar Pie,International,Main Course
304,Ham and Cheese Pockets,International,Main Course
305,Super Sandwich,International,Main Course
306,Tiramisu,International,Main Course
307,Hazelnut Shortbread Cookies,International,Main Course
308,Pecan Shortbread,International,Main Course
309,Tiramisu - Balducci's in New York City,International,Main Course
310,Sweet Potato Pecan Pie,International,Main Course
311,Yellow Squash Frittata,International,Main Course
312,Yellow Squash Puffs,International,Main Course
313,Sun-Dried Tomato Pesto,International,Main Course
314,Sweet Potato-Pecan Pie,International,Main Course
315,Corn Salsa,International,Main Course
316,Sweet Potato Custard Pie,International,Main Course
317,Zesty Sweet Potato Pie,International,Main Course
318,Avocado Salsa,International,Main Course
319,Cocoa Espresso Cooler,International,Main Course
320,Iced Mochaccino Smoothie,International,Main Course
321,Iced Jazzberry Java,International,Main Course
322,Chocolate Coffee Ice Cream Soda,International,Main Course
323,Very Chocolate Brownies,International,Main Course
324,Balsamic Berry Salsa,International,Main Course
325,Moist Carrot and Raisin Walnut Loaf,International,Main Course
326,Sliced Sweet Potato Pie,International,Main Course
327,Chocolate and Vanilla Chip Biscotti,International,Main Course
328,Carrot and Orange Loaf,International,Main Course
329,Linda'a Guadalajara - Style Burritos,International,Main Course
330,Double Chocolate Chunk Biscotti,International,Main Course
331,Dreamy Blueberry Pie,International,Main Course
332,Spaetzle - Hungarian,International,Main Course
333,Spaetzle - German,International,Main Course
334,Banana Marshmallow Ice Cream (Still-Freeze),International,Main Course
335,Calzones,International,Main Course
336,Banana Ice Cream I,International,Main Course
337,Iced Cafe Au Lait,International,Main Course
338,Whole Wheat Calzone,International,Main Course
339,Creamy Iced Coffee,International,Main Course
340,Coffee Punch with Ice Cream Floats,International,Main Course
341,Chicken and Sausage,International,Main Course
342,M&M and Chocolate Chews,International,Main Course
343,Cafe Latte,International,Main Course
344,No-bake Honey Snacks,International,Main Course
345,Frozen Cappuccino,International,Main Course
346,Iced Coffee Cream,International,Main Course
347,Moussaka,International,Main Course
348,Sweetened Iced Coffee,International,Main Course
349,Fudgie-Wudgies,International,Main Course
350,Deluxe Brownies,International,Main Course
351,Coffee Liqueur (Fake Kahlua),International,Main Course
352,Sour Cream Carrot Cake,International,Main Course
353,Instant Coffee Kahlua,International,Main Course
354,Linda's Tuna Burritos,International,Main Course
355,Cheesy Manicotti,International,Main Course
356,Pumpkin Bread Pudding with Raisin Nut Bread,International,Main Course
357,Chili Non Carne,International,Main Course
358,Golden Apple Bars,International,Main Course
359,Glazed Pineapple With Macadamia Nut Crunch,International,Main Course
360,Apple-Cinnamon Bread Pudding,International,Main Course
361,Tomato Salad,International,Main Course
362,"Vidalia Onion, Tomato and Basil Salad",International,Main Course
363,Blue Mountain Blueberry Pie,International,Main Course
364,Cherry-Pistachio Biscotti,International,Main Course
365,Orange Hazelnut Biscotti,International,Main Course
366,Alaskan Blueberry Pie,International,Main Course
367,Calzones II,International,Main Course
368,Tamarillo Steak Casserole,International,Main Course
369,Fha Chicken Chilies Casserole,International,Main Course
370,Apricot Chicken Casserole,International,Main Course
371,Luscious Applesauce Bars,International,Main Course
372,Remarkable Rhubarb Bites,International,Main Course
373,English Sherry Trifle,International,Main Course
374,M&amp;m Super Snack Bars,International,Main Course
375,Spice Scones,International,Main Course
376,Fruit Loop Cookies and Orange Icing,International,Main Course
377,Gado Gado: Indonesian Salad,International,Main Course
378,Greek Lemon Potatoes,International,Main Course
379,Pastitsio,International,Main Course
380,Summer Corn and Tomato Pasta,International,Main Course
381,Lentil Dal,International,Main Course
382,Macadamia Nut Lemon Squares,International,Main Course
383,Basic Crepes II,International,Main Course
384,Basic Crepes,International,Main Course
385,Mississippi Mud Pie,International,Main Course
386,Couscous Cakes With Tomato-Garlic Ragout,International,Main Course
387,Galaktoboureko - Greek Custard Pastry,International,Main Course
388,Cappuccino Coffee Mix,International,Main Course
389,Frosty Latte Smoothie,International,Main Course
390,Whipped Cappuccino,International,Main Course
391,Spanakopita,International,Main Course
392,Dublin Coddle II,International,Main Course
393,Maple Salmon,International,Main Course
394,Irish Dark Soda Bread,International,Main Course
395,Fire Ant Mound,International,Main Course
396,Seared Salmon with Horseradish Tomato Vinaigrette,International,Main Course
397,Apricot Chicken With Pasta,International,Main Course
398,Luscious Apricot Squares,International,Main Course
399,Drop Scones,International,Main Course
400,English Trifle,International,Main Course
401,Forepaughs English Trifle,International,Main Course
402,Best 7-Up Pound Cake,International,Main Course
403,Italian Sausage Soup,International,Main Course
404,Olive Garden Pasta E Fagioli,International,Main Course
405,Glazed Apples With Cream Sauce,International,Main Course
406,Tomato and Herb Salad,International,Main Course
407,Katjang Sauce: Peanut Sauce,International,Main Course
408,Colcannon,International,Main Course
409,Amazing Nasi Goreng,International,Main Course
410,Irish Soda Bread,International,Main Course
411,Butter Crepes,International,Main Course
412,Couscous with Currants and Cumin,International,Main Course
413,Lemonade,International,Main Course
414,Quick Spanish Couscous Salad,International,Main Course
415,Curried Peanut Shrimp,International,Main Course
416,Dutch Split Pea Soup,International,Main Course
417,Macadamia Bars,International,Main Course
418,7-Up Cake,International,Main Course
419,Macadamia and Coconut Bars,International,Main Course
420,Super Scones,International,Main Course
421,Ginger Biscuits,International,Main Course
422,Mississippi Mud Pie II,International,Main Course
423,Mississippi Mud Cake,International,Main Course
424,Chicken Breasts in Phyllo,International,Main Course
425,Curried Beef and Chicken Satay,International,Main Course
426,Baked Alaska Salmon Fillet With Mustard Sauce,International,Main Course
427,Chicken Satay With Peanut Sauce,International,Main Course
428,Yummy and Comforting Chicken Tetrazzini,International,Main Course
429,Garlicky Baked Chicken Marinade,International,Main Course
430,Apple or Crabapple Jelly,International,Main Course
431,Apple and Marmalade Bread and Butter Pudding,International,Main Course
432,Coffee Frappe,International,Main Course
433,Cafe Vienna Mix,International,Main Course
434,Habanero Honey,International,Main Course
435,Glowing Jell-O,International,Main Course
436,Greek Stuffed Meatloaf,International,Main Course
437,Garlic Rosemary Chicken,International,Main Course
438,Spicy Hash Browns - Homemade,International,Main Course
439,Apple Pie Cake,International,Main Course
440,"Apple, Chicken and Mushroom Casserole",International,Main Course
441,Apricot Basting Sauce,International,Main Course
442,Apricot Muffins,International,Main Course
443,Low-Fat Cool Cauliflower Salad,International,Main Course
444,Copycat Coffee House Whipped Cappuccino,International,Main Course
445,Coquilles St. Jacques Duglere,International,Main Course
446,Corn and Potato Chowder,International,Main Course
447,Corn Chowder,International,Main Course
448,Grilled Swordfish or Tuna Steaks,International,Main Course
449,Grilled Lamb with Lima Bean Skordalia,International,Main Course
450,Grilled Grapefruit-Marinated Shrimp,International,Main Course
451,Green Mango Salad With Cilantro Vinaigrette,International,Main Course
452,Greens and Apples,International,Main Course
453,Corn Dog Casserole,International,Main Course
454,Apricot Pound Cake,International,Main Course
455,Ginger Layer Dessert,International,Main Course
456,Gingerbread Yule Log,International,Main Course
457,Grandma's Banana Ice Cream,International,Main Course
458,Slow-Cooker Grape Jelly Meatballs,International,Main Course
459,Gray Girls' Easy Chicken Fingers,International,Main Course
460,Greek Chicken and Cucumber Sauce,International,Main Course
461,Greek Mushroom Salad,International,Main Course
462,Greek Salad,International,Main Course
463,Green Death Tuna Sandwich,International,Main Course
464,Baked Creamed Potatoes,International,Main Course
465,Grilled Bourbon Salmon,International,Main Course
466,Grilled Chicken & Veggie Pizza,International,Main Course
467,Grilled Bell Peppers,International,Main Course
468,Grilled Pineapple and Bananas with Mango Sorbet,International,Main Course
469,Garlic Cauliflower,International,Main Course
470,Garlic Greek Sauce,International,Main Course
471,Garlic Pizza Crust,International,Main Course
472,Baked Breakfast Potatoes,International,Main Course
473,German Potato-Cheese Soup,International,Main Course
474,Ginger Fried Chicken,International,Main Course
475,Gladys' Sweet Onion-Sausage Casserole,International,Main Course
476,Golden Baked Fish,International,Main Course
477,Baked Crabmeat,International,Main Course
478,Grape-Nuts Pie,International,Main Course
479,Greek Lentil & Olive Salad,International,Main Course
480,Greek Low-Fat Red Pepper Feta Dip,International,Main Course
481,Greek Salad Dressing,International,Main Course
482,Corn Dogs,International,Main Course
483,Corn Fritters,International,Main Course
484,Fresh Crab Cocktail,International,Main Course
485,Bacon-Swiss Tossed Salad,International,Main Course
486,Fried Cornbread,International,Main Course
487,Fried Green Tomatoes,International,Main Course
488,Fried Yellow Squash,International,Main Course
489,Frozen White Truffles,International,Main Course
490,Baked Apple Slices,International,Main Course
491,Fruit Salad,International,Main Course
492,Garam Masala,International,Main Course
493,Garlic Meatballs in Lemon Sauce,International,Main Course
494,Garlic Mushroom Sauce,International,Main Course
495,Garlic Potato Balls,International,Main Course
496,German Onion Cake,International,Main Course
497,"Corn, Onion and Corn Rolls",International,Main Course
498,Cornbread and Cheese Muffins,International,Main Course
499,Bacon and Potato Pie,International,Main Course
500,Flake-and-Fruit Squares,International,Main Course
501,Four Treasure Chicken Soup,International,Main Course
502,Fragrant Lamb Stew with Dried Fruits,International,Main Course
503,Tom's Tomato Soup French Dressing,International,Main Course
504,French Roasted Vegetable Sandwiches,International,Main Course
505,Fresh Herb Scones,International,Main Course
506,Fresh Salsa,International,Main Course
507,Fried Green Tomatoes II,International,Main Course
508,Fruit and Tuna Salad,International,Main Course
509,Fried Tomatoes,International,Main Course
510,Fruit Salsa,International,Main Course
511,Fruity Rolled Oats Drops,International,Main Course
512,Coronation Chicken,International,Main Course
513,Coronation Chicken Salad,International,Main Course
514,Elderberry Jelly,International,Main Course
515,Elly May's Wedding Punch,International,Main Course
516,Enchiladas Verdes Suizas,International,Main Course
517,Enchiladas with Red Sauce,International,Main Course
518,English Muffins,International,Main Course
519,English Pub Beef &amp; Kidney Stew in Yorkshire Pudding (Adopted,International,Main Course
520,Fabulous Oxtail,International,Main Course
521,Famous Barr's French Onion Soup,International,Main Course
522,Five Bean Salad,International,Main Course
523,Crispy Chicken Wings,International,Main Course
524,Flavored Nuts,International,Main Course
525,Fluffy White Frosting,International,Main Course
526,Freezer Apricot Jam,International,Main Course
527,Traditional Rahmschnitzel,International,Main Course
528,Augie Oliver's Italian Sausage,International,Main Course
529,Easy Garlic Chicken Breasts,International,Main Course
530,Easy Cream Cheese Fruit Squares,International,Main Course
531,Easy Refrigerator Lemon Cookies,International,Main Course
532,Easy-Freezy Sorbet,International,Main Course
533,Egg Drop Soup,International,Main Course
534,Egg Rolls,International,Main Course
535,Empanada,International,Main Course
536,Empanadas de Horno,International,Main Course
537,End of Summer Ratatouille,International,Main Course
538,Escalope of Salmon With Chanterelles,International,Main Course
539,Ezekiel Bread,International,Main Course
540,Filet Mignon,International,Main Course
541,Filet Mignon With Sweet-Potato Shoestrings,International,Main Course
542,Country Brunch Skillet,International,Main Course
543,Country Style Zucchini Soup,International,Main Course
544,Curried Spinach Sauce,International,Main Course
545,100% Whole Wheat Blueberry Muffins,International,Main Course
546,Deep Dish Vegetable Pizza,International,Main Course
547,Deviled Cauliflower,International,Main Course
548,Dill Bread,International,Main Course
549,Dill Buttermilk Bread,International,Main Course
550,Double Cabbage Salad,International,Main Course
551,Baba Ganouj ( Baba Ghanoush ),International,Main Course
552,Dutch Moorkoppen,International,Main Course
553,Easy Apple Dumplings,International,Main Course
554,Easy Lasagna,International,Main Course
555,Easy Mushroom Stroganoff,International,Main Course
556,Chicken and Yellow &amp; Zucchini Squash Casserole With Rosemary,International,Main Course
557,Elderflower Champagne,International,Main Course
558,Crafty Crescent Lasagna,International,Main Course
559,Cranberry Bread,International,Main Course
560,Awesome Apple Bread,International,Main Course
561,Cucumber Salad with Spicy Wasabi Dressing,International,Main Course
562,Cucumbers with Lime-Chile Dressing,International,Main Course
563,Curried Beef Loaf,International,Main Course
564,Curried Chicken Muffins,International,Main Course
565,Curried Crab in Endive Spears,International,Main Course
566,B.c. Cherry and Raspberry Preserves,International,Main Course
567,Dijon Pesto Steak,International,Main Course
568,Dill Pickle Soup,International,Main Course
569,Dinner Rolls,International,Main Course
570,Dried Fruit Roll-Ups,International,Main Course
571,Drunken Chicken Marinade,International,Main Course
572,Crawfish or Shrimp Cocktail,International,Main Course
573,Aunt Kay's Pork Chops Casserole,International,Main Course
574,Crisp Skin Chicken,International,Main Course
575,Crispy Chicken Livers on Garlic Potato Mash,International,Main Course
576,Crock Pot Lasagna,International,Main Course
577,Crock Pot Potatoes,International,Main Course
578,Croissant Bread Pudding with Brandy Cream Sauce,International,Main Course
579,Crumpets,International,Main Course
580,Crusty Beef Casserole,International,Main Course
581,Crusty Bread From Cuba,International,Main Course
582,Cucumber Pan Rolls,International,Main Course
583,Homemade Cucumber Relish,International,Main Course
584,Cucumber-Avocado Dip,International,Main Course
585,Cucumbers and Onions in Sour Cream,International,Main Course
586,Curried Carrot Bisque,International,Main Course
587,Curried Chicken II,International,Main Course
588,Cream Cheese Biscuits,International,Main Course
589,Cream Cheese Chicken Lasagna,International,Main Course
590,Cream Scones,International,Main Course
591,Creamed Beetroot,International,Main Course
592,Creamy Smoked Salmon & Dijon Pasta,International,Main Course
593,Creamy Vegetable Curry with Rice,International,Main Course
594,Crisp Flatbread,International,Main Course
595,Crisp Lemon Chicken,International,Main Course
596,Crispy Potato Wedges,International,Main Course
597,Crock Pot Curried Carrots,International,Main Course
598,Crock Pot Sweet and Sour Chicken,International,Main Course
599,Austrian Sweet Cheese Crepes Baked in Custard,International,Main Course
600,Crunchy Pretzel Drops No-Bake Cookies,International,Main Course
601,Crunchy Oven Fried Fish,International,Main Course
602,Crusty Garlic Bread,International,Main Course
603,Cream of Chicken Soup With Wild Rice,International,Main Course
604,Cream Puff Paste,International,Main Course
605,Creamed Tuna,International,Main Course
606,Creamy Mushroom and Onion Rotini,International,Main Course
607,Auntie Bettys Double Chocolate Cheesecake,International,Main Course
608,Creme Brulee,International,Main Course
609,Green and Gold Chowder,International,Main Course
610,Tortilla Peach Cobbler,International,Main Course
611,"Tricolor Crustless ""Quiche""",International,Main Course
612,Twice Baked Potatoes II,International,Main Course
613,No Bake Chocolate Cookies,International,Main Course
614,Unusual Chicken,International,Main Course
615,Vegetarian Baked Stuffed Red Bell Peppers,International,Main Course
616,Chili With Biscuits,International,Main Course
617,Vidalia Onion Casserole,International,Main Course
618,Lemon Whipped Cream,International,Main Course
619,Whole Grain Buttermilk Pancakes,International,Main Course
620,Yolkless Noodles,International,Main Course
621,Yorkshire Pudding Popovers,International,Main Course
622,Zesty Fried Chicken,International,Main Course
623,Zucchini Lasagna (Lasagne) - Low Carb,International,Main Course
624,Zucchini Squash With Parmesan,International,Main Course
625,Tofu Lasagna,International,Main Course
626,Tofu Mayonnaise,International,Main Course
627,Tom's Double Barrel Habanero Hot Sauces,International,Main Course
628,Tortilla Beef,International,Main Course
629,Beef Liver and Bacon 'n' Onion Sauce,International,Main Course
630,Lobster Newburg,International,Main Course
631,Lots of Berries Pie,International,Main Course
632,Low-Fat Strawberry Butter,International,Main Course
633,BBQ Ranchero Chicken Salad,International,Main Course
634,Low-Fat Blueberry Grunt,International,Main Course
635,Low-Fat Cauliflower Tomato Casserole,International,Main Course
636,Low-Fat Cauliflower with Bacon,International,Main Course
637,Low-Fat Fudge Bars,International,Main Course
638,Indian Spiced Chicken,International,Main Course
639,Low-Fat Potatoes Romanoff,International,Main Course
640,Lasagna Pinwheels,International,Main Course
641,Baked Red Onions,International,Main Course
642,Lemon Cake,International,Main Course
643,Lemonade Cake,International,Main Course
644,Hot Fudge Pudding Cake,International,Main Course
645,Iced Coffee II,International,Main Course
646,Irish Beef Stew With Guinness Stout,International,Main Course
647,Irresistible Peanut Butter Cookies,International,Main Course
648,Healthy Pie Crust,International,Main Course
649,Heloise's Cake Mix Cookies,International,Main Course
650,3 Berry Shakes,International,Main Course
651,Baked Fish with Lemon & Black Pepper,International,Main Course
652,Gypsy Tart,International,Main Course
653,Hamantaschen-Cookies (Haman's Hats),International,Main Course
654,Best Hamburger Diane,International,Main Course
655,Hobo Bread,International,Main Course
656,Homemade Mayonnaise,International,Main Course
657,Homemade Pop-Tarts,International,Main Course
658,Hot Cocoa Mix,International,Main Course
659,Hot Fruit Casserole,International,Main Course
660,Japanese Chicken Karaage (Fried Chicken),International,Main Course
661,Keftedakia,International,Main Course
662,Kentucky Biscuits,International,Main Course
663,Lentil-Bulghur Salad,International,Main Course
664,3 Step Cheesecake,International,Main Course
665,Bananas Flambe,International,Main Course
666,Mai Tai Dessert,International,Main Course
667,Manifold Roast (Car-b-que),International,Main Course
668,Maple Baked Pork and Beans,International,Main Course
669,Maple Walnut Fudge,International,Main Course
670,Maryland White Potato Pie,International,Main Course
671,Mexican Hamburgers,International,Main Course
672,Barbecue Chicken,International,Main Course
673,Microwaved Garlic Mushroom Rolls,International,Main Course
674,Minestrone,International,Main Course
675,Mixed Onion Soup in Sourdough Bread Bowls,International,Main Course
676,Mock Apple Pie,International,Main Course
677,Ritz Mock Apple Pie II,International,Main Course
678,Ritz Mock Apple Pie IIi,International,Main Course
679,Mohawk Indian Corn,International,Main Course
680,Momma's Fair Funnel Cake,International,Main Course
681,Barbecued Chicken,International,Main Course
682,Mushroom Risotto Patties,International,Main Course
683,My Favorite Baked Beans,International,Main Course
684,Barbecued Chicken Thighs Au Vin,International,Main Course
685,My Mom's Potato Salad,International,Main Course
686,Nancy's Italian Macaroni and Cheese,International,Main Course
687,New Potatoes in Garlic Butter,International,Main Course
688,Oat Fritters from South Africa,International,Main Course
689,Oatmeal Muffins,International,Main Course
690,Onion Pie,International,Main Course
691,Barbecued Turkey on a Bun,International,Main Course
692,Open-Face Peach Pie,International,Main Course
693,Orange Cupcakes,International,Main Course
694,Orzo / Tomato Salad with Feta and Olives,International,Main Course
695,Outstanding Greek Salad Dressing,International,Main Course
696,Oyster and Potato Surprise Cakes,International,Main Course
697,Parmesan Parsley Potatoes,International,Main Course
698,Parsley Potato Casserole,International,Main Course
699,Pasta E Fagioli II,International,Main Course
700,Basil Parmesan Biscuits,International,Main Course
701,Peachy Cobbler,International,Main Course
702,Pear and Ginger Strudel,International,Main Course
703,Jalapeno Pepper Poppers,International,Main Course
704,Peppered Chicken With Creamy Sauce,International,Main Course
705,Pina Colada Tart,International,Main Course
706,Bavarian Cream,International,Main Course
707,"Pineapple, Date and Nut Drops",International,Main Course
708,Pizza,International,Main Course
709,Pizza Dough and Sauce,International,Main Course
710,Pizza Loaf,International,Main Course
711,Plum Cake,International,Main Course
712,Potato Appetizers,International,Main Course
713,Potato-Plum Dumplings,International,Main Course
714,"Great Northern Bean, Ham and  Vegetable Chowder",International,Main Course
715,Pumpkin Apple Pie,International,Main Course
716,Pumpkin Citrus Syrup Cake,International,Main Course
717,Pumpkin Scones,International,Main Course
718,Puppy Chow Snack Mix,International,Main Course
719,Beef & Pork Meatloaf & Onion Gravy,International,Main Course
720,Raised Waffles,International,Main Course
721,Raisin Cream Pie,International,Main Course
722,Sour Cream Raisin Pie,International,Main Course
723,Red Pepper Spoon Bread,International,Main Course
724,Rice Case for Quiches or Pies (Gluten-Free),International,Main Course
725,Rice-Bacon Pineapple Salad,International,Main Course
726,Roasting Peppers,International,Main Course
727,Rock Candy for Kids,International,Main Course
728,Rum Baked Beans,International,Main Course
729,Bread Machine Sage-Wheat Bread,International,Main Course
730,Beef Crumble,International,Main Course
731,Salsa,International,Main Course
732,Salty Milk Biscuits,International,Main Course
733,Savoury Bread Dish,International,Main Course
734,Scottish Scones,International,Main Course
735,Beef Enchiladas,International,Main Course
736,Slow Cooker BBQ Pinto Beans,International,Main Course
737,Snow Flurry Brownies,International,Main Course
738,Soft Zucchini Spice Cookies,International,Main Course
739,Solo Chicken Breast and Rainbow Rice,International,Main Course
740,Some 'Berry' Good Fruit Dip Ideas!,International,Main Course
741,Spaetzle,International,Main Course
742,Spaghetti Pie,International,Main Course
743,Spicy Bacon &amp; Tomato Brunch,International,Main Course
744,Spicy Cherry Glazed Chicken,International,Main Course
745,Spicy Dill Dip,International,Main Course
746,Spinach Squares,International,Main Course
747,Spinach Torte,International,Main Course
748,Spoon Bread Chili Pie,International,Main Course
749,Squash & Golden Onion Risotto,International,Main Course
750,Steak & Tomato-Basil Pasta,International,Main Course
751,Steak and Ale Meat Marinade,International,Main Course
752,Strawberry Blender Smoothie,International,Main Course
753,Strawberry Cheesecake,International,Main Course
754,Strawberry Marbled Cheesecake,International,Main Course
755,Strawberry 'n Oat Bars,International,Main Course
756,Stuffed Mozzarella,International,Main Course
757,Sugar-Coated Pecans,International,Main Course
758,Surprise Carrot Cake,International,Main Course
759,Sweet Potato Cakes,International,Main Course
760,Sweet Potato Pie,International,Main Course
761,Swiss Chocolate Squares & Icing,International,Main Course
762,Taco Salad,International,Main Course
763,Taco Seasoning,International,Main Course
764,Beer Batter,International,Main Course
765,Teriyaki Sauce,International,Main Course
766,Texas Style Picante Sauce,International,Main Course
767,Thai Beef Curry,International,Main Course
768,Three Sisters Vegetables,International,Main Course
769,Toffee Cookies,International,Main Course
770,Honey-Chocolate Oatmeal Cookies,International,Main Course
771,Honey Oat Hermits,International,Main Course
772,Country Rice Pudding,International,Main Course
773,Spinach Artichoke Dip,International,Main Course
774,Breakfast Pizza II,International,Main Course
775,Creamy Apple Dip,International,Main Course
776,Unexpected Company Rice Pudding,International,Main Course
777,Lollipops,International,Main Course
778,Vegetarian Pad Thai,International,Main Course
779,Bacon and Cheese Stuffed Chicken,International,Main Course
780,Stewed Tomatoes,International,Main Course
781,Better Than Sex Cake,International,Main Course
782,Romeri's Gnocchi & Sauce,International,Main Course
783,Orange Baked Chicken,International,Main Course
784,Pesto,International,Main Course
785,Golden Peanut Bars,International,Main Course
786,Baked Ziti,International,Main Course
787,Chinese Beef and Broccoli,International,Main Course
788,Buche de Noel,International,Main Course
789,Parsnip Pie,International,Main Course
790,Seven Layer Magic Bars,International,Main Course
791,Peppered Fish in Herbed Butter,International,Main Course
792,Beef Jerky,International,Main Course
793,Coconut Macaroon Cheesecake,International,Main Course
794,Chicken Fajitas,International,Main Course
795,Apple and Ginger Dessert Pizza,International,Main Course
796,Apple Brown Betty,International,Main Course
797,Bisquick Apple Cinnamon Muffins,International,Main Course
798,Apple Juice Marinade,International,Main Course
799,Vanilla Cake,International,Main Course
800,Better Than Sex Cake II,International,Main Course
801,Pistachio chicken,Indian,Main Course
802,Tangy Fried Okra,Indian,Main Course
803,Healthy Chicken Korma,Indian,Main Course
804,Brown Lentil Dhal,Indian,Main Course
805,Thari Wala Chicken,Indian,Main Course
806,Achaari Bangun,Indian,Main Course
807,Aloo Bangun,Indian,Main Course
808,Bombay Aloo,Indian,Main Course
809,Coriander Fish,Indian,Main Course
810,Hariyali Chicken,Indian,Main Course
811,Jeera Aloo,Indian,Main Course
812,Cabbage Thoran,Indian,Main Course
813,Keralan Fish Curry,Indian,Main Course
814,Masala Machchi,Indian,Main Course
815,Mixed Vegetable Sabjee,Indian,Main Course
816,Simply Spiced Seasonal Vegetables,Indian,Main Course
817,Aloo Gobi,Indian,Main Course
818,Ajwainy Monkfish,Indian,Main Course
819,Aloo Muttar,Indian,Main Course
820,Aloo Tama Bodi,Indian,Main Course
821,Amchoor Stuffed Bangun,Indian,Main Course
822,Anda di Purjee (Bhurji),Indian,Main Course
823,Asparagus and Pea Soup with Parsnip Crisps,Indian,Main Course
824,Asparagus with Indian Spices,Indian,Main Course
825,Athrak Soup,Indian,Main Course
826,Avocado Salsa,Indian,Main Course
827,Black Chana Masala,Indian,Main Course
828,Black Lentil and Split Chickpea Dhal,Indian,Main Course
829,Brown Masala Sauce,Indian,Main Course
830,Caribbean Chicken Curry Stew,Indian,Main Course
831,Cauliflower Shorba,Indian,Main Course
832,Chana Masala,Indian,Main Course
833,Chapli Kebabs,Indian,Main Course
834,Chicken Balti,Indian,Main Course
835,Chicken Burrito,Indian,Main Course
836,Chicken Chaat,Indian,Main Course
837,Chicken Salad with Pink Grapefruit and Cumin Dressing,Indian,Main Course
838,Chole Bhatura,Indian,Main Course
839,Corn and Pomegranate Kachumber,Indian,Main Course
840,Cucumber Raita,Indian,Main Course
841,Curried Butternut Squash Soup,Indian,Main Course
842,Dal Bhat,Indian,Main Course
843,Dhal Makhani,Indian,Main Course
844,Easy Chicken Curry,Indian,Main Course
845,Fennel and Seafood Salad,Indian,Main Course
846,Fennel and Tomato Shorba,Indian,Main Course
847,Goan Fish Curry,Indian,Main Course
848,Gol Guppa,Indian,Main Course
849,Green Chilli Sauce,Indian,Main Course
850,Gurkha Chicken Curry,Indian,Main Course
851,Halibut with Indian spices,Indian,Main Course
852,Indian Slaw,Indian,Main Course
853,Indian Summer Greens,Indian,Main Course
854,Jamaican Chicken Curry,Indian,Main Course
855,Jeera Chaul,Indian,Main Course
856,Jeera Pani,Indian,Main Course
857,Jeera Raita,Indian,Main Course
858,Kachumber Salad,Indian,Main Course
859,Kale and Chickpea Curry,Indian,Main Course
860,Kasundi Halibut with Cumin Kale Crisps,Indian,Main Course
861,Kati Egg Roll with Basmati & Quinoa,Indian,Main Course
862,Kedgeree,Indian,Main Course
863,Keema Burrito,Indian,Main Course
864,Kukul Mass,Indian,Main Course
865,Lamb Jalfrezi,Indian,Main Course
866,Lemon Masala Chicken,Indian,Main Course
867,Lemon Rice,Indian,Main Course
868,Maacher Jhol,Indian,Main Course
869,Mackerel Fry,Indian,Main Course
870,Mango Kachumber,Indian,Main Course
871,Mango Lassi,Indian,Main Course
872,Marrow Curry,Indian,Main Course
873,Masala Dosa,Indian,Main Course
874,Masala Gosht,Indian,Main Course
875,Melon Soup with a hint of Chilli,Indian,Main Course
876,Mint and Coriander Chutney,Indian,Main Course
877,Mint and Coriander Dip,Indian,Main Course
878,Mint Chutney,Indian,Main Course
879,Mint Lassi,Indian,Main Course
880,Mint Raita,Indian,Main Course
881,Missi Roti,Indian,Main Course
882,Monkfish Curry,Indian,Main Course
883,Moong Masoor di Dhal,Indian,Main Course
884,Morel Mushroom Pilau,Indian,Main Course
885,Mushy Pea Curry,Indian,Main Course
886,Paapri Chaat,Indian,Main Course
887,Papad,Indian,Main Course
888,Patra Ni Machi,Indian,Main Course
889,Pea and Ham Soup with Chilli and Cumin,Indian,Main Course
890,Pilchard Curry,Indian,Main Course
891,Pineapple Curry,Indian,Main Course
892,Piri Piri Sauce,Indian,Main Course
893,Pitta Bread with Carom Seeds,Indian,Main Course
894,Plain Basmati Rice,Indian,Main Course
895,Pomegranate Raita,Indian,Main Course
896,Power Salad Jar,Indian,Main Course
897,Pumpkin Curry Recipe,Indian,Main Course
898,Punjabi Piyaz,Indian,Main Course
899,Punjabi Style Stuffed Karela,Indian,Main Course
900,Punjabi Tomato Relish,Indian,Main Course
901,Quinoa Kosumbari,Indian,Main Course
902,Raajma,Indian,Main Course
903,Radish and Lemon Salad,Indian,Main Course
904,Rasam,Indian,Main Course
905,Red Chilli Sauce,Indian,Main Course
906,Red Lentil Dhal,Indian,Main Course
907,Roasted Red Pepper and Tomato Chutney,Indian,Main Course
908,Roti,Indian,Main Course
909,Saag Aloo,Indian,Main Course
910,Saag Paneer,Indian,Main Course
911,Saag Walee Roti,Indian,Main Course
912,Saffron Potatoes,Indian,Main Course
913,Salt and Chilli Almonds,Indian,Main Course
914,Salted Lassi,Indian,Main Course
915,Sarson Ka Saag,Indian,Main Course
916,Saunth ki Chutney,Indian,Main Course
917,Seekh Kebabs,Indian,Main Course
918,Sholay,Indian,Main Course
919,Sindhi Masala Fish,Indian,Main Course
920,Smoked Bangun Partha,Indian,Main Course
921,Smoked Tomato Sauce,Indian,Main Course
922,Sooke Moong Dhal,Indian,Main Course
923,Soya curry,Indian,Main Course
924,Spiced Cauliflower Rice,Indian,Main Course
925,Spiced Fish Pie,Indian,Main Course
926,Spiced Jerusalem Artichokes,Indian,Main Course
927,Spiced Potato Stuffed Peppers,Indian,Main Course
928,Spiced Pumpkin Seeds,Indian,Main Course
929,Spiced Rice,Indian,Main Course
930,Spicy Courgette and Pea Fritter,Indian,Main Course
931,Spicy Lamb Chops,Indian,Main Course
932,Spinach and Mushroom Omelette,Indian,Main Course
933,Sweet Potato and Spinach Curry,Indian,Main Course
934,Tamarind Rice,Indian,Main Course
935,Tandoori Chicken,Indian,Main Course
936,Tandoori Fish,Indian,Main Course
937,Tandoori Prawn Skewers,Indian,Main Course
938,Tandoori Style Pigeon Breast,Indian,Main Course
939,Tangy Tamarind Prawns,Indian,Main Course
940,Thai Prawn Tom Khaa Soup,Indian,Main Course
941,Thari Walee Lamb,Indian,Main Course
942,Tomato Base Restaurant Sauce,Indian,Main Course
943,Tomato Kachumber Salad,Indian,Main Course
944,Turnip Chana Dhal,Indian,Main Course
945,"Vegan Wild Rice, Cumin & Chickpea Burgers",Indian,Main Course
946,Vegetable Pilau,Indian,Main Course
947,Watermelon and Feta Chaat,Indian,Main Course
948,Zambezi Baked Sea Bream,Indian,Main Course
949,Zhoug,Indian,Main Course
