Name,IngredientID,Category
lentils,1,Other
,2,Other
mustard powder,3,Other
nonfat cottage cheese,4,Other
nonfat vanilla ice cream,5,Other
beef broth,6,Other
low-fat cheddar cheese,7,Other
1 bunch of spring onions,8,Other
2–3 tbsp ground almonds,9,Other
grapefruit section,10,Other
head of lettuce,11,Other
ketjap manis,12,Other
large shrimp,13,Other
fresh tarragon,14,Other
fontina,15,Other
marsala wine,16,Other
soya milk,17,Other
vanilla essence,18,Other
green peppercorn,19,Other
4 grain bread flour,20,Other
6 cloves of garlic,21,Other
squeeze of lemon,22,Other
sea salt,23,Other
250g atta,24,Other
sweet potatoes,25,Other
1 tsp chilli flakes (optional),26,Other
garlic,27,Other
character(0,28,Other
canned pumpkin,29,Other
calorie-reduced mayonnaise,30,Other
mild cheddar cheese,31,Other
orange marmalade,32,Other
2 black teabags in mug with boiling water poured over,33,Other
water,34,Other
full-bodied red wine,35,Other
powdered ginger,36,Other
cherries,37,Other
tuna steaks,38,Other
100g rocket green chilli (hot),39,Other
beef eye round,40,Other
white flour tortillas,41,Other
500g palak/spinach,42,Other
reduced-calorie margarine,43,Other
lime rind,44,Other
half a cucumber,45,Other
handful of pomegranate jewels,46,Other
red capsicum,47,Other
french baguette,48,Other
granulated sugar,49,Other
white vinegar,50,Other
fresh ripe pineapple,51,Other
tomato paste,52,Other
grey poupon dijon mustard,53,Other
1 tsp garam masala,54,Other
creme fraiche,55,Other
ready-to-serve beef broth,56,Other
1 tsp chilli flakes,57,Other
10-12 radishes,58,Other
2 tbsp olive oil,59,Other
walnut pieces,60,Other
¼ tsp asafetida,61,Other
green chilies,62,Other
splash of milk,63,Other
900ml water (approx.),64,Other
8 pigeon breasts,65,Other
3 fresh green chillies,66,Other
white sugar,67,Other
cornmeal,68,Other
low-fat sour cream,69,Other
whole wheat pastry flour,70,Other
2 tsp mustard seeds,71,Other
corn syrup,72,Other
1 chilli,73,Other
200g raw squid,74,Other
800g-1kg lamb chops,75,Other
tomato sauce,76,Other
1 garlic clove,77,Other
baking apples,78,Other
mushroom,79,Other
chicken breast fillets,80,Other
½-1 red chilli (or to taste),81,Other
4 tbsp whole wheat flour,82,Other
skim milk,83,Other
20 curry leaves with stalks,84,Other
2-4 tbsp tamarind water,85,Other
fresh raspberry,86,Other
750g baby spinach,87,Other
150ml olive oil,88,Other
2 good handfuls fresh coriander,89,Other
red leaf lettuce,90,Other
fresh basil leaf,91,Other
good pinch of sea salt,92,Other
1 tbsp turmeric,93,Other
spearmint,94,Other
parsley sprig,95,Other
stewed tomatoes,96,Other
alum,97,Other
ginger powder,98,Other
fresh garlic,99,Other
unbleached all-purpose flour,100,Other
200g raw prawns,101,Other
italian sausage,102,Other
pimento pepper,103,Other
half a lemon,104,Other
sun-dried tomatoes,105,Other
2 tsp curry powder,106,Other
½ tsp turmeric,107,Other
roasting chickens,108,Other
1 tbsp mint sauce,109,Other
buckwheat flour,110,Other
400g/1 tin of tomatoes,111,Other
600g leg of lamb (washed,112,Other
1 tsp chilli powder,113,Other
raw red bell pepper,114,Other
flour tortillas,115,Other
wild rice,116,Other
400g tin marrow fat peas or frozen peas,117,Other
1 tsp salt,118,Other
½ tsp mace,119,Other
2 star anise,120,Other
1 tbsp vegetable oil,121,Other
hash brown potatoes,122,Other
3 mushrooms,123,Other
sausage,124,Other
fat free parmesan,125,Other
100g fresh coconut,126,Other
part-skim mozzarella cheese,127,Other
1 tsp chicken seasoning,128,Other
frozen spinach,129,Other
unsweetened coconut,130,Other
2 large onions,131,Other
100g mixed vegetables - mushrooms,132,Other
1 or 2 chillis chopped,133,Other
hard apple cider,134,Other
200g red lentils,135,Other
1 tbsp oil for cooking,136,Other
plain yogurt,137,Other
red bell pepper,138,Other
hot chili powder,139,Other
frozen broccoli,140,Other
pecans,141,Other
½ tsp garam masala,142,Other
1 mango,143,Other
frozen strawberries,144,Other
salt to taste,145,Other
fresh crabmeat,146,Other
tahini sesame butter,147,Other
250g brown flour,148,Other
caster sugar,149,Other
chicken bouillon mix,150,Other
pineapple,151,Other
mirin,152,Other
4 skinless free range chicken breast cubed,153,Other
onions,154,Other
white flour,155,Other
200g tilda basmati rice,156,Other
600g skinless white fish fillets,157,Other
1 tbsp fenugreek leaves,158,Other
palm sugar,159,Other
2 tbsp mustard oil,160,Other
1 celery stick,161,Other
½ tbsp smoked paprika,162,Other
pimientos,163,Other
bottled clam broth,164,Other
dried yeast,165,Other
½ tsp kalongi seeds,166,Other
bisquick baking mix,167,Other
onion powder,168,Other
pinch of saffron threads,169,Other
50g peas,170,Other
phyllo pastry,171,Other
1 large ripe mango,172,Other
prepared mustard,173,Other
4 small turnips,174,Other
canned whole kernel corn,175,Other
1 tsp fennel seeds,176,Other
espresso coffee,177,Other
beets,178,Other
avocados,179,Other
3cm ginger,180,Other
1 tsp butter,181,Other
real vanilla,182,Other
vegetable shortening,183,Other
chili sauce,184,Other
150g fresh morel mushrooms,185,Other
reduced sodium ketchup,186,Other
1 tsp ground black pepper,187,Other
spinach,188,Other
oregano,189,Other
boiling water,190,Other
colby-monterey jack cheese,191,Other
plums,192,Other
lemon low fat yogurt,193,Other
vanilla,194,Other
white chocolate,195,Other
yellow mustard,196,Other
bread machine yeast,197,Other
1 tsp baking powder,198,Other
piri-piri,199,Other
400ml coconut milk,200,Other
splash of olive oil (optional),201,Other
2 lemons,202,Other
cumin,203,Other
5 cloves garlic,204,Other
1 tsp kala namak (pink salt),205,Other
1 tbsp raisins,206,Other
4 plum tomatoes or 200g tinned tomatoes,207,Other
1% low-fat milk,208,Other
whole chicken,209,Other
300g fresh tomatoes,210,Other
raw wild rice,211,Other
½ cucumber (more if you want),212,Other
wheat flour tortillas,213,Other
500g fresh king prawns,214,Other
dried basil,215,Other
300g dried chickpeas (or 400g tin of cooked),216,Other
1 small cauliflower,217,Other
500ml greek yoghurt,218,Other
2 potatoes,219,Other
1 tsp black mustard seeds,220,Other
2 eggs,221,Other
100g peas / blanched broad beans,222,Other
mixed spice,223,Other
4 chicken thighs,224,Other
half a white cabbage,225,Other
celery ribs,226,Other
½ tsp black salt,227,Other
kernel corn,228,Other
tomatoes,229,Other
oregano sprig,230,Other
cardamom seed,231,Other
beef liver,232,Other
3 tsp of sugar (or to taste),233,Other
12 large uncooked king prawns,234,Other
processed cheese,235,Other
feta cheese,236,Other
spanish onion,237,Other
green ginger,238,Other
squash,239,Other
bean sprouts,240,Other
unsweetened pineapple slices,241,Other
6 garlic cloves,242,Other
1 red onion,243,Other
marshmallows,244,Other
pimiento,245,Other
light molasses,246,Other
1 tsp sugar (optional),247,Other
1 large tomato,248,Other
dijon mustard,249,Other
spring onion,250,Other
½ onion,251,Other
canned pimiento,252,Other
low calorie sweetener,253,Other
1 spring onion,254,Other
five-spice powder,255,Other
couscous,256,Other
dried ancho chiles,257,Other
60ml vinegar,258,Other
self raising flour,259,Other
40g cashews,260,Other
carrots,261,Other
pineapple tidbits,262,Other
1 tbsp butter,263,Other
gala apples,264,Other
250g cabbage,265,Other
6-8 tbsp natural yoghurt,266,Other
jalapeno chile,267,Other
vanilla flavoring,268,Other
1 tbsp coconut oil,269,Other
ham slices,270,Other
1 red chilli,271,Other
apples,272,Other
roasted pistachios,273,Other
1 fresh tomato,274,Other
leg of lamb,275,Other
fresh coriander leaves,276,Other
filter coffee,277,Other
chicken drumsticks,278,Other
canadian bacon,279,Other
cumin seeds,280,Other
skim milk yogurt,281,Other
japanese sake,282,Other
3cm piece of ginger,283,Other
260g chakki atta or atta flour (half wholemeal and half plain works as well),284,Other
corn,285,Other
dark corn syrup,286,Other
prune filling,287,Other
habanero peppers,288,Other
white pepper,289,Other
green onions,290,Other
300ml water approx.,291,Other
fresh basil,292,Other
200g plain flour,293,Other
lime zest,294,Other
mango,295,Other
8 large free range eggs,296,Other
200g basmati rice,297,Other
1 green chilli ( add more chillies if you want the chutney to be spicy),298,Other
50g of coriander leaves,299,Other
pinch of sugar (optional),300,Other
1/2 tsp chilli powder,301,Other
mushrooms,302,Other
green tomato,303,Other
juice from 1 lemon,304,Other
fresh dill weed,305,Other
black salt,306,Other
1 pepper,307,Other
dark sweet red cherries,308,Other
dried tart cherry,309,Other
¼ tsp chilli powder,310,Other
1 tsp screw pine water (or 1 tbsp rosewater,311,Other
cajun-style stewed tomatoes,312,Other
2 aubergines,313,Other
dill pickle slices,314,Other
2 dried red chillies,315,Other
bulgar wheat,316,Other
accent seasoning,317,Other
2 garlic cloves,318,Other
extra firm tofu,319,Other
sweet potato,320,Other
1½ tsp salt,321,Other
3 tomatoes,322,Other
5 black peppercorns,323,Other
1 onion,324,Other
1 heaped tbsp sugar,325,Other
1 tbsp ghee,326,Other
2 tbsp chopped coriander leaves,327,Other
handful fresh coriander leaves,328,Other
1 green chilli (add more for more heat),329,Other
½ tsp turmeric powder,330,Other
mozzarella cheese,331,Other
shiitake mushrooms,332,Other
cauliflower florets,333,Other
2 tbsp rapeseed oil,334,Other
1 heaped tsp amchoor / chaat masala,335,Other
mint leaves to garnish,336,Other
monarch 151 rum,337,Other
celery,338,Other
25g dry rajma (kidney beans),339,Other
extra virgin olive oil,340,Other
dried dill,341,Other
spanish olive oil,342,Other
2 tbsp ghee,343,Other
dried mint flakes,344,Other
tomato puree,345,Other
cranberries,346,Other
half-and-half,347,Other
crunchy corn (bought from supermarkets),348,Other
barbecue sauce,349,Other
3 green chillies,350,Other
green olives,351,Other
kirby cucumber,352,Other
cheese slices,353,Other
dried dill weed,354,Other
100ml red wine vinegar,355,Other
fine salt,356,Other
hazelnuts,357,Other
canned tomatoes,358,Other
bay leaf,359,Other
greens,360,Other
dry wasabi,361,Other
2 tbsp chopped,362,Other
4 seabass or pomfret steaks,363,Other
grapefruit,364,Other
kidney bean,365,Other
800g of monkfish fillet,366,Other
white mushrooms,367,Other
¼ tsp amchoor powder (dry mango powder),368,Other
cod fish fillet,369,Other
distilled white vinegar,370,Other
light rum,371,Other
yellow capsicum,372,Other
maraschino juice,373,Other
peanuts,374,Other
500g onions,375,Other
fresh dill,376,Other
chicken wings,377,Other
4 black cardamoms,378,Other
ham,379,Other
maraschino cherry juice,380,Other
low-fat ricotta cheese,381,Other
1 tsp sugar,382,Other
espresso blend coffee,383,Other
parmesan cheese,384,Other
1 ripe nectarine,385,Other
watercress,386,Other
nonfat plain yogurt,387,Other
broccoli floret,388,Other
chipotle paste,389,Other
thyme,390,Other
fat-free parmesan cheese,391,Other
bittersweet chocolate,392,Other
1 green chilli (optional),393,Other
pinch of saffron strands,394,Other
sour dill pickle,395,Other
skinless chicken thighs,396,Other
chocolate chips,397,Other
walnuts,398,Other
nectarines,399,Other
herbs,400,Other
1 tbsp flaked almonds,401,Other
shrimp,402,Other
triple sec,403,Other
1 tsp anardana (pomegranate seeds),404,Other
bacon,405,Other
3 cm ginger,406,Other
2 tsp ginger,407,Other
gelatin,408,Other
2 tsp fennel seeds,409,Other
1 tbsp salt,410,Other
2 tsp kasoori methi,411,Other
dried parsley,412,Other
2 tsp garam masala,413,Other
dried parsley flakes,414,Other
red onions,415,Other
100g smoked fish,416,Other
light cream cheese,417,Other
light corn syrup,418,Other
minced garlic clove,419,Other
confectioners' sugar,420,Other
warm water,421,Other
rigatoni pasta,422,Other
potatoes,423,Other
onion,424,Other
grapefruit juice,425,Other
3 tbsp greek yogurt,426,Other
¼ tsp carom seeds (ajwain),427,Other
hard-boiled eggs,428,Other
green bell peppers,429,Other
frozen yogurt,430,Other
½ tsp red chilli powder (optional),431,Other
salmon salad,432,Other
turkey polish kielbasa,433,Other
mascarpone,434,Other
1 lemongrass,435,Other
5cm piece ginger,436,Other
1-2 tbsp corn flour to thicken (if required),437,Other
fresh parsley,438,Other
top round steaks,439,Other
green peppers,440,Other
instant flour,441,Other
1 tsp mustard seeds,442,Other
¼ tsp turmeric,443,Other
pure maple syrup,444,Other
vegetable broth,445,Other
juice of,446,Other
1 tbsp oil,447,Other
8 baby aubergine,448,Other
beef sirloin steaks,449,Other
cheese,450,Other
dried funghi porcini,451,Other
bourbon,452,Other
handful fresh mint leaves,453,Other
2 bunches of fresh coriander,454,Other
ice cubes,455,Other
real vanilla extract,456,Other
crystallized ginger,457,Other
farina,458,Other
dry oregano leaves,459,Other
applesauce,460,Other
4 green cardamoms,461,Other
chicken parts,462,Other
brown rice,463,Other
madeira wine,464,Other
2cm piece ginger,465,Other
flour,466,Other
frozen sugar snap peas,467,Other
1 garlic bulb,468,Other
season salt,469,Other
1 pineapple,470,Other
turkey,471,Other
littleneck clams,472,Other
½ tsp ground black pepper,473,Other
handful of fresh coriander (chopped),474,Other
low fat cottage cheese,475,Other
chicken liver,476,Other
sugar,477,Other
4 large fish steaks (kingfish,478,Other
graham crackers,479,Other
6 green cardamoms,480,Other
chicken breast,481,Other
cooking onion,482,Other
graham cracker crumb crust,483,Other
2 pieces of salmon,484,Other
300g tin sweetcorn,485,Other
seedless raisins,486,Other
100g of split red lentils washed,487,Other
celery seed,488,Other
1 tbsp mustard oil,489,Other
curcumae,490,Other
3-4 green chillies,491,Other
black cardamom pods,492,Other
200g egg noodles,493,Other
tabasco sauce,494,Other
¼ tsp turmeric powder,495,Other
cognac,496,Other
hellmanns mayonnaise,497,Other
½ tsp salt (or to taste),498,Other
powdered instant coffee,499,Other
salt pinch,500,Other
½ tsp chaat masala,501,Other
¼ tsp mustard seeds,502,Other
3 ripe tomatoes,503,Other
200g chopped tomatoes tinned/fresh,504,Other
2 medium onions,505,Other
beef brisket,506,Other
cashews,507,Other
1 tbsp fresh coriander,508,Other
tamarind pulp,509,Other
granola-type cereal,510,Other
lean beef,511,Other
catsup,512,Other
1 tsp red chilli powder,513,Other
fresh mushrooms,514,Other
chicken leg meat,515,Other
oatmeal,516,Other
stone ground mustard,517,Other
grapefruits,518,Other
powdered sugar,519,Other
fresh cream for garnish,520,Other
2 tsp oil,521,Other
dried dates,522,Other
1 tsp salt (or to taste),523,Other
butter,524,Other
brewed coffee,525,Other
400g coconut milk tin,526,Other
pecan halves,527,Other
1 handful of coriander,528,Other
medium firm tofu,529,Other
fresh yeast,530,Other
½ green chilli,531,Other
instant coffee,532,Other
maple syrup,533,Other
boneless beef top loin steaks,534,Other
habanero pepper,535,Other
button mushroom,536,Other
juice of 2 lemons,537,Other
boneless skinless chicken,538,Other
juice of one lime,539,Other
1 tbsp plain flour,540,Other
hot paprika,541,Other
cherry gelatin,542,Other
2 tomatoes,543,Other
1-2 tbsp rapeseed oil,544,Other
1 tsp amchoor,545,Other
2 red chillies,546,Other
coconut milk,547,Other
cayenne pepper,548,Other
baking soda,549,Other
creamy peanut butter,550,Other
peanut butter,551,Other
1 tsp curry powder,552,Other
salmon fillet,553,Other
yellow onion,554,Other
mild paprika,555,Other
65g butter,556,Other
1 tbsp of vinegar,557,Other
1 tbsp kashmiri chilli powder (this can be reduced to suit your taste,558,Other
parsnip,559,Other
poultry seasoning,560,Other
granny smith apples,561,Other
graham cracker pie crust,562,Other
4 cloves of garlic,563,Other
lemon wedge,564,Other
extra flour for dusting,565,Other
canned plum tomatoes,566,Other
200ml natural set yoghurt,567,Other
1 tsp salt,568,Other
strawberries,569,Other
lamb chop,570,Other
1 ripe avocado,571,Other
country sausage,572,Other
1 tbsp coriander seeds,573,Other
boneless skinless chicken breast halves,574,Other
lump of smoking charcoal,575,Other
boneless skinless chicken breast,576,Other
eggplant,577,Other
fresh lemon zest,578,Other
1 green chilli,579,Other
velveeta cheese,580,Other
lime peel,581,Other
skinless chicken breasts,582,Other
200g dried soya chunks,583,Other
black olives,584,Other
lime slice,585,Other
chives,586,Other
basil,587,Other
½ inch ginger,588,Other
rice,589,Other
8 pieces of chicken,590,Other
radish,591,Other
4 tbsp vegetable oil or 2tbsp coconut oil,592,Other
whole cumin seed,593,Other
rind of,594,Other
1 fresh green chilli,595,Other
1 heaped tsp coriander seeds,596,Other
cayenne,597,Other
fresh rosemary leaf,598,Other
fresh sorrel,599,Other
flat-leaf italian parsley,600,Other
2 tsp of garam masala,601,Other
provolone cheese,602,Other
1 tbsp of fresh ginger,603,Other
cooked brown rice,604,Other
seedless grapes,605,Other
chicken,606,Other
8 pieces of chicken on the bone,607,Other
10/15 cashew nuts,608,Other
elbow macaroni,609,Other
apricot puree,610,Other
frozen blueberries,611,Other
1-2 sweet potatoes,612,Other
1 tsp all purpose seasoning,613,Other
1 whole scotch bonnet pepper,614,Other
flat leaf parsley,615,Other
lemongrass,616,Other
fresh spinach,617,Other
2 dried kashmiri chillies,618,Other
4 tomatoes,619,Other
400g tin of chickpeas,620,Other
candied ginger,621,Other
½ red onion,622,Other
pistachio nuts,623,Other
200g tinned plum tomatoes (½ tin),624,Other
25g fresh root ginger,625,Other
1 clove of garlic,626,Other
1 tsp salt (to taste),627,Other
dry white vermouth,628,Other
instant chocolate pudding mix,629,Other
1 tsp kashmiri chilli powder,630,Other
firm tofu,631,Other
2 tsp lemon juice,632,Other
1 tbsp tomato purée,633,Other
italian pork sausage,634,Other
fettuccine,635,Other
plain tomato juice,636,Other
handful chopped fresh coriander,637,Other
¼-1 tsp kashmiri chilli powder,638,Other
1 black tea bag,639,Other
1 tsp of cinnamon powder,640,Other
2 tsp chilli,641,Other
smoked bacon,642,Other
1 tbsp ajwain seeds,643,Other
100g large green chilli (mild),644,Other
spaghetti,645,Other
shallots,646,Other
10cm ginger,647,Other
½ tsp chilli powder,648,Other
sharp cheddar cheese,649,Other
boneless skinless chicken breasts,650,Other
mayonnaise,651,Other
200g tin plum tomatoes,652,Other
baking powder,653,Other
½ tsp roasted cumin,654,Other
chocolate pudding mix,655,Other
raw cranberries,656,Other
garlic clove,657,Other
chicken thighs,658,Other
1½ tsp turmeric,659,Other
2 shallots,660,Other
active dry yeast,661,Other
fresh compressed yeast,662,Other
100g wild rice,663,Other
2 tsp mango powder (amchoor powder),664,Other
egg substitute,665,Other
bottled clam juice,666,Other
2 tbsp cashew nuts,667,Other
lime,668,Other
1 tsp of kashmiri chilli powder,669,Other
½ tsp cumin powder,670,Other
½ tps pink rock salt,671,Other
chocolate ice cream,672,Other
800g plum tomatoes,673,Other
1 tsp fenugreek seeds,674,Other
plain firm tofu,675,Other
blackberry,676,Other
frozen raspberries,677,Other
dark rum,678,Other
1 tbsp ginger,679,Other
fresh parsley leaves,680,Other
unsalted shelled pistachio,681,Other
great northern beans,682,Other
moist coconut,683,Other
½ tsp fenugreek seeds,684,Other
3 tsp rapeseed oil,685,Other
whole cardamom pod,686,Other
whole black peppercorn,687,Other
broad beans,688,Other
frozen corn kernels,689,Other
2 tbsp coconut oil,690,Other
tarragon,691,Other
120g gram flour,692,Other
miniature marshmallows,693,Other
½ tsp turmeric powder,694,Other
1 tsp chilli powder,695,Other
2 onions,696,Other
2 chicken breasts,697,Other
canola oil,698,Other
curry paste,699,Other
strawberry syrup,700,Other
500ml chicken stock,701,Other
sweet sherry,702,Other
white rum,703,Other
700g smoked haddock fillets,704,Other
angel flake coconut,705,Other
5 mushrooms,706,Other
queen anne cherries,707,Other
cream cheese,708,Other
chicken pieces,709,Other
wheat flour,710,Other
100ml natural set yoghurt,711,Other
buttermilk,712,Other
raw spinach leaves,713,Other
portabella mushroom,714,Other
good local honey,715,Other
2 medium courgettes,716,Other
shiitake mushroom,717,Other
120g atta (whole wheat flour),718,Other
2 red onions,719,Other
soy margarine,720,Other
ground cumin,721,Other
6 mushrooms,722,Other
extra-dry vermouth,723,Other
20g quinoa,724,Other
german chocolate square,725,Other
3 tbsp mustard oil,726,Other
sour cream,727,Other
dried thyme,728,Other
2 pak choy,729,Other
4cm piece root ginger,730,Other
raw sweet potato,731,Other
1/2 tsp turmeric,732,Other
port wine,733,Other
2 large cloves of garlic,734,Other
1 heaped tbsp thick greek yoghurt,735,Other
2 tbsp coconut,736,Other
700ml water,737,Other
green peas,738,Other
1 handful of ice cubes,739,Other
250g tinned plum tomatoes,740,Other
1 heaped tsp chickpea flour,741,Other
1 heaped tsp peppercorn,742,Other
300g spinach,743,Other
2 pinches asafoetida,744,Other
thai red curry paste,745,Other
2 tbsp ground coconut,746,Other
coriander to garnish,747,Other
garbanzo beans,748,Other
¼ tsp cumin seeds,749,Other
400g chicken thigh fillets,750,Other
boiling potatoes,751,Other
ripe olives,752,Other
frozen chopped spinach,753,Other
200ml low-fat natural set yoghurt (i also like to use greek yoghurt),754,Other
juice of half a lemon,755,Other
rubbed sage,756,Other
1 carrot,757,Other
baby green peas,758,Other
hunts tomato sauce,759,Other
red wine,760,Other
oil-cured black olive,761,Other
extra thick cool whip topping,762,Other
fennel seed,763,Other
4 pieces of chunky halibut or white fish,764,Other
black-eyed peas,765,Other
1 tsp turmeric,766,Other
handful of mint leaves,767,Other
cracked black pepper,768,Other
mango powder,769,Other
5 florets cauliflower,770,Other
1 tsp cumin,771,Other
2 tsp chaat masala,772,Other
200g tinned tomatoes (½ tin),773,Other
medium-dry sherry,774,Other
dried leaf thyme,775,Other
1l water,776,Other
large pinch of fresh coriander,777,Other
fresh ginger,778,Other
raw carrot,779,Other
boston lettuce leaves,780,Other
mustard seeds,781,Other
1 tsp ajwain (carom seeds),782,Other
handful fresh coriander,783,Other
1 tsp kalonji seeds,784,Other
frozen limeade concentrate,785,Other
400ml tin coconut milk,786,Other
golden syrup,787,Other
4 cardamom pods,788,Other
head of garlic,789,Other
sliced red onion to garnish,790,Other
1 1/2 tbsp fish sauce,791,Other
10-inch flour tortillas,792,Other
2 medium tomatoes,793,Other
salt,794,Other
cauliflower floret,795,Other
50g of mint leaves,796,Other
chaat masala (optional),797,Other
ketchup,798,Other
whole canned tomatoes,799,Other
demerara sugar,800,Other
calvados,801,Other
cinnamon sticks,802,Other
habaneros,803,Other
fresh bean sprouts,804,Other
london broil beef,805,Other
russet potatoes,806,Other
anchovy paste,807,Other
cranberry juice,808,Other
1 tbsp butter / 2 tbsp vegetable oil,809,Other
600g chicken thighs,810,Other
tofunaise,811,Other
instant vanilla pudding,812,Other
chicken piece,813,Other
pineapple chunks,814,Other
2 tbsp vegetable oil,815,Other
ladyfingers,816,Other
coriander leaves,817,Other
plain nonfat yogurt,818,Other
1-2 tsp rapeseed oil,819,Other
170g basmati rice,820,Other
cloves,821,Other
200g of tinned tomatoes,822,Other
1 tsp cumin seeds,823,Other
poppy seeds,824,Other
250ml water,825,Other
cooking sherry,826,Other
orange zest,827,Other
frozen unsweetened raspberries,828,Other
2 tbsp ginger,829,Other
serrano chili,830,Other
pure vanilla extract,831,Other
italian-style tomatoes,832,Other
caraway seed,833,Other
trassi oedang,834,Other
reduced sodium soy sauce,835,Other
frozen green pea,836,Other
chicken halves,837,Other
kasseri cheese,838,Other
hot green chili peppers,839,Other
handful coriander,840,Other
1 tsp butter (optional),841,Other
fresh marjoram,842,Other
1 tsp fenugreek leaves,843,Other
olive oil-flavored vegetable cooking spray,844,Other
200g/1 mug basmati rice,845,Other
5 dried kashmiri chillies (or chilli powder mixed with paprika),846,Other
corn tortillas,847,Other
plum tomatoes,848,Other
tart apples,849,Other
light sour cream,850,Other
short-grain rice,851,Other
1 tsp salt,852,Other
juice of 1 lemon,853,Other
½ tsp red chilli powder,854,Other
fresh rosemary,855,Other
dry pasta shell macaroni,856,Other
3 spring onions,857,Other
200g salmon,858,Other
1 pink grapefruit,859,Other
canned corn niblet,860,Other
english muffins,861,Other
water chestnut,862,Other
cake flour,863,Other
beetroots,864,Other
muenster cheese,865,Other
200g red kidney beans,866,Other
red pepper flakes,867,Other
2 tsp ginger grated,868,Other
poppy seed,869,Other
fat salt pork,870,Other
dark sweet cherries,871,Other
fresh cilantro stems,872,Other
2 fresh bay leaves,873,Other
beef,874,Other
1 tbsp lemon juice,875,Other
peas,876,Other
mint leaves,877,Other
head of cabbage,878,Other
145ml greek yoghurt,879,Other
celery seeds,880,Other
dried pinto bean,881,Other
1/4 cup water,882,Other
fennel seeds,883,Other
lemon zest,884,Other
2 green chillies,885,Other
cardamom pods,886,Other
rhubarb,887,Other
japanese soy sauce,888,Other
black pepper,889,Other
white kidney beans,890,Other
whole cloves,891,Other
1 large red onion,892,Other
chopped tomato,893,Other
190g rice,894,Other
175g dried black chickpeas (400g tin cooked chickpeas),895,Other
scallops,896,Other
½ tsp cumin seeds crushed,897,Other
rapeseed oil to fry,898,Other
cherry tomatoes,899,Other
1 lime,900,Other
fresh raspberries,901,Other
4oz urid flour,902,Other
handful of spinach,903,Other
vanilla bean,904,Other
½ tsp baking powder,905,Other
lemon slice,906,Other
noilly prat,907,Other
seeds from one pumpkin,908,Other
green serrano chilies,909,Other
gruyere cheese,910,Other
1 tsp ginger,911,Other
1½ tsp garam masala,912,Other
2 chillies,913,Other
3 garlic cloves,914,Other
purple onion,915,Other
salad potatoes,916,Other
marshmallow creme,917,Other
4 springs of fresh thyme,918,Other
fresh pineapple,919,Other
ground beef,920,Other
raw rice,921,Other
dry basil,922,Other
1 handful coriander leaves,923,Other
elderberry juice,924,Other
dried thyme leaves,925,Other
2 tbsp peanuts or cashew nuts,926,Other
300g prawns,927,Other
sesame seeds,928,Other
tapioca,929,Other
clove,930,Other
4cm ginger,931,Other
cilantro,932,Other
200g plum tomato tin,933,Other
2 litres soda water,934,Other
1 mug of washed basmati rice,935,Other
2 mugs of cold water,936,Other
peppercorn,937,Other
4cm stick of cassia bark,938,Other
500g monkfish,939,Other
3 tbsp oil,940,Other
sultanas,941,Other
200g tomatoes,942,Other
handful of pea shoots,943,Other
soya sauce,944,Other
dark molasses,945,Other
wooden or metal skewers,946,Other
1 tsp cinnamon powder,947,Other
200g cooked and cooled wild rice,948,Other
piloncillo cone,949,Other
5cm piece tamarind,950,Other
dried tarragon,951,Other
100g plain flour (or gram flour),952,Other
½ tsp chilli powder,953,Other
jumbo shrimp,954,Other
bock beer,955,Other
of fresh mint,956,Other
2cm piece cassia bark,957,Other
margarine,958,Other
175ml white vinegar,959,Other
frozen baby lima beans,960,Other
½ tsp turmeric,961,Other
dark muscovado sugar,962,Other
kidney beans,963,Other
200g fine semolina,964,Other
1 tsp dried fenugreek leaves (kasoori methi),965,Other
1 tsp kashmiri chilli powder or paprika,966,Other
dry mustard,967,Other
cucumber,968,Other
plain flour,969,Other
3 tsp of coriander seeds,970,Other
10 green beans,971,Other
bacon drippings,972,Other
reduced-fat sharp cheddar cheese,973,Other
english cucumber,974,Other
pinch of crushed black pepper,975,Other
nutmeg,976,Other
1 tsp turmeric,977,Other
kitchen bouquet,978,Other
75g ghee or 3-4 tbsp rapeseed oil,979,Other
500g lamb mince,980,Other
fine semolina,981,Other
kielbasa,982,Other
sake,983,Other
wine vinegar,984,Other
curry powder,985,Other
vegetable oil for frying,986,Other
2 tbsp methi leaves (fenugreek leaves - fresh or dried),987,Other
4 whole green cardamom,988,Other
chocolate,989,Other
treacle,990,Other
100g split mung beans washed,991,Other
4 onions,992,Other
cornstarch,993,Other
4 cloves garlic,994,Other
saffron threads,995,Other
canned italian tomatoes,996,Other
7g instant yeast,997,Other
ginger,998,Other
dry yeast,999,Other
kosher salt,1000,Other
½ tsp black pepper,1001,Other
scallion,1002,Other
soymilk,1003,Other
dry red wine,1004,Other
500g salmon or monkfish,1005,Other
2 tsp pomegranate powder,1006,Other
chicken breasts,1007,Other
snow peas,1008,Other
nottingham dry yeast,1009,Other
3 dried bay leaves,1010,Other
elderflower heads,1011,Other
dried oregano,1012,Other
brown sugar,1013,Other
½ tsp salt,1014,Other
4 tbsp greek yoghurt,1015,Other
eggs,1016,Other
chicken tenderloins,1017,Other
dry basil leaves,1018,Other
1 stick of cassia bark,1019,Other
canned chanterelles,1020,Other
1 large onion,1021,Other
5cm ginger piece,1022,Other
1 clove garlic,1023,Other
dry milk,1024,Other
plum tomato,1025,Other
pine nuts,1026,Other
2cm piece of ginger,1027,Other
5 shallots,1028,Other
chicken thigh fillets,1029,Other
5 green cardamom pods,1030,Other
1 tsp toasted ground cumin,1031,Other
white wine vinegar,1032,Other
light-brown sugar,1033,Other
unsweetened coconut milk,1034,Other
cooked basmati rice,1035,Other
1 whole chicken,1036,Other
2 tbsp rapeseed oil for frying,1037,Other
quick oats,1038,Other
½ tsp amchoor powder (dried mango powder),1039,Other
1 tsp coriander,1040,Other
marjoram,1041,Other
4 whole peppers,1042,Other
fresh chives,1043,Other
italian parsley,1044,Other
½ tsp fennel seeds,1045,Other
horseradish,1046,Other
all-purpose flour,1047,Other
skinless chicken breast halves,1048,Other
unsifted flour,1049,Other
fresh ground black pepper,1050,Other
½ tsp mustard seeds,1051,Other
900ml water 1 tsp salt,1052,Other
fat free egg substitute,1053,Other
3 fresh tomatoes,1054,Other
artichoke hearts,1055,Other
low-fat mayonnaise,1056,Other
lemon basil,1057,Other
zest of,1058,Other
2 red peppers,1059,Other
½ tsp chilli flakes,1060,Other
fat free mozzarella cheese,1061,Other
dijon-style mustard,1062,Other
lemons,1063,Other
tortillas,1064,Other
2 tbsp of mustard oil,1065,Other
1 tsbp vegetable oil,1066,Other
coconut,1067,Other
unsalted cashews,1068,Other
coconut cream,1069,Other
clams,1070,Other
cheddar cheese cubes,1071,Other
dry instant coffee,1072,Other
mandarin oranges,1073,Other
ice cream,1074,Other
1 tbsp chana dhal,1075,Other
a splash of milk,1076,Other
kraft healthy favorites fat free cheddar,1077,Other
1 tbsp mustard paste,1078,Other
100g tamarind,1079,Other
milk,1080,Other
green beans,1081,Other
1 tsp garlic granules,1082,Other
boneless chicken,1083,Other
bay leaves,1084,Other
summer savory,1085,Other
100g dry urid dhal (whole black lentils),1086,Other
fresh white mushrooms,1087,Other
sweet unsalted butter,1088,Other
ricotta cheese,1089,Other
3cm fresh ginger,1090,Other
lamb chops,1091,Other
cider,1092,Other
500g of fresh cherry tomatoes,1093,Other
1 butternut squash,1094,Other
1 tbsp vegetable oil,1095,Other
blue cheese,1096,Other
red bell peppers,1097,Other
baking potatoes,1098,Other
banana,1099,Other
cauliflower,1100,Other
salmon,1101,Other
2oz rice flour,1102,Other
7cm stick of cassia bark,1103,Other
1 cup quinoa,1104,Other
1 heaped tsp cumin seeds,1105,Other
cracked pepper,1106,Other
vanilla yogurt,1107,Other
romano cheese,1108,Other
cool whip,1109,Other
light brown sugar,1110,Other
parsley flakes,1111,Other
fresh herb,1112,Other
whole chickens,1113,Other
self rising flour,1114,Other
fresh cilantro,1115,Other
cumin seed,1116,Other
pinch cracked black pepper,1117,Other
1 tsp turmeric salt to taste,1118,Other
5 asparagus,1119,Other
juice half a lemon,1120,Other
fresh cracked pepper,1121,Other
4 large potatoes,1122,Other
fresh coriander (optional),1123,Other
whole tomatoes,1124,Other
dried cherries,1125,Other
green chili,1126,Other
chili powder,1127,Other
2 cloves of garlic,1128,Other
vanilla extract,1129,Other
500g pumpkin peeled and chopped into cubes,1130,Other
chicken bouillon cubes,1131,Other
½ tsp carom seeds,1132,Other
herb stuffing mix,1133,Other
1 green chillies,1134,Other
plain low-fat yogurt,1135,Other
2-3 green chillies 6 garlic cloves,1136,Other
curry,1137,Other
200g/½ tin tomatoes,1138,Other
belgian endive,1139,Other
canned chicken broth,1140,Other
sweet peppers,1141,Other
fresh coriander to garnish</li>,1142,Other
raw potatoes,1143,Other
150g greek yoghurt,1144,Other
5 cm ginger,1145,Other
cinnamon stick,1146,Other
2 tsp rapeseed oil,1147,Other
budweiser beer,1148,Other
part-skim ricotta cheese,1149,Other
500g asparagus,1150,Other
reduced-sodium chicken broth,1151,Other
water or milk (if required),1152,Other
2 tbsp chopped fresh coriander,1153,Other
1 tbsp flaked toasted almonds,1154,Other
1–2 green chilis,1155,Other
1 tsp mild chilli powder/paprika,1156,Other
bamboo shoot,1157,Other
small potato,1158,Other
½ tsp kashmiri chilli powder,1159,Other
sea salt to taste,1160,Other
sweet butter,1161,Other
corn kernel,1162,Other
red raspberries,1163,Other
handful spinach,1164,Other
lemon pepper,1165,Other
290ml boiling water,1166,Other
chunky peanut butter,1167,Other
1 dried red chilli/1tsp chilli flakes,1168,Other
pepper,1169,Other
whole wheat flour,1170,Other
handful of coriander stalks,1171,Other
tamarillos,1172,Other
2 cloves garlic,1173,Other
20 curry leaves,1174,Other
400g tin of plum tomatoes,1175,Other
quick-cooking oats,1176,Other
1 tsp brown mustard seeds,1177,Other
water chestnuts,1178,Other
red onion,1179,Other
1 fillet of salmon,1180,Other
100ml warm milk,1181,Other
pinch asafoetida,1182,Other
1 large bay leaf,1183,Other
skinless chicken breast half,1184,Other
wheat germ,1185,Other
2 tbsp ghee or oil,1186,Other
chipotle pepper,1187,Other
bell pepper,1188,Other
200ml of hot water,1189,Other
cheese spread,1190,Other
dry linguine,1191,Other
105g white lentils (split urid with skin removed),1192,Other
green pepper,1193,Other
chimayo chili powder,1194,Other
handful of coconut,1195,Other
1 medium onion,1196,Other
6 bitter gourds (karela),1197,Other
white mushroom,1198,Other
7cm piece ginger,1199,Other
no. 1 onions,1200,Other
coarse salt,1201,Other
boneless chicken breasts,1202,Other
green apple,1203,Other
800g/2 tins of chickpeas,1204,Other
heavy whipping cream,1205,Other
canned unsweetened coconut milk,1206,Other
dry sherry,1207,Other
4 chicken legs,1208,Other
1 tsp mango powder (amchoor),1209,Other
garlic-flavored red wine vinegar,1210,Other
1 tsp turmeric powder,1211,Other
100g urid beans,1212,Other
½-1 tsp red chilli flakes,1213,Other
bread flour,1214,Other
amish friendship starter,1215,Other
blueberries,1216,Other
chicken breast halves,1217,Other
green bell pepper,1218,Other
fresh black pepper,1219,Other
500g jerusalem artichokes,1220,Other
8-inch flour tortillas,1221,Other
oil for frying,1222,Other
yellow bell pepper,1223,Other
1 green chilli finely chopped,1224,Other
sherry wine,1225,Other
cornflour,1226,Other
lemon-pepper seasoning,1227,Other
400g ripe tomatoes,1228,Other
250g plan greek yoghurt,1229,Other
romaine lettuce,1230,Other
shallot,1231,Other
200g yoghurt ½ tsp turmeric powder,1232,Other
mint sprigs,1233,Other
1 onion very finely chopped or grated,1234,Other
pork sausage,1235,Other
500ml/2 mugs full,1236,Other
miniature pear tomato,1237,Other
black beans,1238,Other
buttermilk baking mix,1239,Other
rotini pasta,1240,Other
arborio rice,1241,Other
50g red birds eye chillies (or for a milder sauce jalapenos),1242,Other
1 tbsp brown sugar,1243,Other
fresh cilantro leaves,1244,Other
silken tofu,1245,Other
brown button mushrooms,1246,Other
2 fresh green chillies,1247,Other
garlic cloves,1248,Other
nonfat sour cream,1249,Other
chinese hot mustard,1250,Other
evaporated milk,1251,Other
1 tsp dried fenugreek leaves,1252,Other
roma tomatoes,1253,Other
long grain rice,1254,Other
tuna salad,1255,Other
40g oil,1256,Other
amaretto liqueur,1257,Other
200g whole moong dhal / mung beans,1258,Other
scallions,1259,Other
rosemary sprigs,1260,Other
orange,1261,Other
boneless chicken breast,1262,Other
chinese cabbage,1263,Other
heinz chili sauce,1264,Other
340g asparagus,1265,Other
1½ tsp cumin seeds,1266,Other
large pinch of asafoetida,1267,Other
basmati rice,1268,Other
fresh corn kernels,1269,Other
1 tomato,1270,Other
130ml sparkling water,1271,Other
1 tsp nigella seeds (kalonji),1272,Other
egg,1273,Other
quick-cooking tapioca,1274,Other
cider vinegar,1275,Other
1 tbsp cumin seeds,1276,Other
1 small onion,1277,Other
1 large banana leaf washed thoroughly,1278,Other
golden raisin,1279,Other
carrot,1280,Other
250g peas,1281,Other
dried black beans,1282,Other
100g pistachios,1283,Other
sausage meat,1284,Other
curry leaf,1285,Other
4 green chillies,1286,Other
vodka,1287,Other
200g kale,1288,Other
halibut steaks,1289,Other
canned black beans,1290,Other
fresh parmesan cheese,1291,Other
black walnuts,1292,Other
4cm piece ginger,1293,Other
500g almonds,1294,Other
50ml coconut cream,1295,Other
plum jam,1296,Other
maraschino cherries,1297,Other
yellow cornmeal,1298,Other
pork,1299,Other
4-6 pieces of white fish,1300,Other
currants,1301,Other
5-10 fresh red chillies,1302,Other
40ml water,1303,Other
1 tbsp hot water,1304,Other
pinch of cumin seeds,1305,Other
lawry's seasoned pepper,1306,Other
½ tsp fenugreek seeds,1307,Other
baby chickens,1308,Other
fresh basil leaves,1309,Other
sweet vermouth,1310,Other
5cm piece of fresh ginger,1311,Other
cheddar cheese,1312,Other
4 cloves,1313,Other
egg white substitute,1314,Other
1 tsp lemon pepper,1315,Other
3 fresh green chillies (amend to personal taste),1316,Other
light mayonnaise,1317,Other
100ml of coconut milk,1318,Other
apple cider vinegar,1319,Other
instant nonfat dry milk powder,1320,Other
pears,1321,Other
egg tomatoes,1322,Other
raw red cabbage,1323,Other
frozen corn,1324,Other
chile,1325,Other
4 cm piece cassia bark,1326,Other
fresh sweet potatoes,1327,Other
red wine vinegar,1328,Other
bananas,1329,Other
6 cloves,1330,Other
small handful of fresh coriander,1331,Other
red capsicums,1332,Other
salt pork,1333,Other
3cm piece ginger,1334,Other
1 or 2 green chillies,1335,Other
1 whole chicken or 8 pieces of chicken on the bone,1336,Other
½ tsp chilli powder (add more for more heat),1337,Other
linguine,1338,Other
2 large free-range eggs,1339,Other
4 tbsp plain flour,1340,Other
gingerroot,1341,Other
parsnips,1342,Other
long grain white rice,1343,Other
300g white basmati rice,1344,Other
grape leaves,1345,Other
honey,1346,Other
¼ tsp asafoetida,1347,Other
1 red pepper,1348,Other
fresh snow pea,1349,Other
handful of coriander,1350,Other
3 cloves of garlic,1351,Other
peppercorns,1352,Other
1 tsp coriander seeds,1353,Other
fresh blueberries,1354,Other
fresh oregano,1355,Other
unsweetened applesauce,1356,Other
sauerkraut,1357,Other
ziti pasta,1358,Other
napa cabbage,1359,Other
brandy,1360,Other
mint leaf,1361,Other
25g garlic,1362,Other
2 tsp butter,1363,Other
handful coriander chopped,1364,Other
garlic heads,1365,Other
500g summer greens,1366,Other
tart dessert apple,1367,Other
salt cod fish,1368,Other
leeks,1369,Other
4 medium sized potatoes,1370,Other
soft shelled crabs,1371,Other
1 onion cut into chunks,1372,Other
sambal oelek,1373,Other
long-grain rice,1374,Other
ham hocks,1375,Other
260g roti flour,1376,Other
1 or 2 lemons,1377,Other
raisins,1378,Other
10 prawns,1379,Other
5 cm root ginger,1380,Other
crawfish,1381,Other
handful of fresh,1382,Other
black tea,1383,Other
dark raisin,1384,Other
2 dried smoked red chillies,1385,Other
great northern bean,1386,Other
4 medium tomatoes,1387,Other
2 cm ginger,1388,Other
150g fresh coconut,1389,Other
4 mushrooms,1390,Other
1 tsp of salt,1391,Other
1 tbsp full-fat greek yogurt,1392,Other
3 tbsps mustard oil,1393,Other
cake yeast,1394,Other
1 tsp roasted cumin seeds,1395,Other
150g jaggery grated,1396,Other
ground cinnamon,1397,Other
small whole potatoes,1398,Other
1 tsp cumin seeds,1399,Other
400-600g lamb shoulder,1400,Other
160ml water,1401,Other
1 tsp kasoori methi (fenugreek leaves),1402,Other
1 tsp vegetable oil,1403,Other
3 cloves,1404,Other
parsley,1405,Other
large pinch fresh coriander,1406,Other
1 inch piece ginger,1407,Other
200ml water,1408,Other
1 tsp rock salt,1409,Other
cucumbers,1410,Other
4 garlic cloves,1411,Other
1 tsp salt or to taste,1412,Other
¾ litres cold water,1413,Other
coffee beans,1414,Other
1tsp turmeric,1415,Other
cocoa powder,1416,Other
½ cucumber,1417,Other
green chili peppers,1418,Other
frozen green beans,1419,Other
200g plum tomatoes,1420,Other
600g baby spinach,1421,Other
500g saag mustard leaves if you can find them if not use curly kale or greens (washed and dried thoroughly),1422,Other
1 tbsp tamarind paste (alternatively a good squeeze of lemon juice),1423,Other
rolled oats,1424,Other
dried rosemary,1425,Other
750ml water,1426,Other
cake tofu,1427,Other
tuna,1428,Other
potato,1429,Other
cream-style cottage cheese,1430,Other
turmeric,1431,Other
2 tbsp plain flour,1432,Other
broth,1433,Other
monterey jack cheese,1434,Other
rosemary,1435,Other
croutons,1436,Other
5 florets broccoli,1437,Other
puff pastry sheets,1438,Other
sprinkle of cardamom powder,1439,Other
large bunch of fresh mint leaves,1440,Other
apple,1441,Other
sultana,1442,Other
old fashioned oats,1443,Other
zest from 1 lime,1444,Other
ground ginger,1445,Other
mostaccioli pasta,1446,Other
3cm piece fresh ginger,1447,Other
kale,1448,Other
unsalted shelled pistachios,1449,Other
400g firm white fish,1450,Other
salt and pepper to taste,1451,Other
approx 750ml water,1452,Other
mint,1453,Other
1-2 green chillies,1454,Other
8-10 chicken pieces (thighs and drumsticks - skin on),1455,Other
lima beans,1456,Other
2 tbsp of oil,1457,Other
200g frozen peas,1458,Other
white wine,1459,Other
handful of coriander (including stems),1460,Other
instant chicken bouillon granules,1461,Other
hot italian sausage,1462,Other
grand marnier,1463,Other
4 halibut fillets or steaks (approx 140g each),1464,Other
five-spice seasoning,1465,Other
green cabbage,1466,Other
malt vinegar,1467,Other
anchovy fillets,1468,Other
green lentils,1469,Other
½ tsp kashmiri chilli powder,1470,Other
green tomatoes,1471,Other
smoked salmon,1472,Other
zucchini,1473,Other
6–10 whole green chillies,1474,Other
dark brown sugar,1475,Other
lemon juice,1476,Other
ground cloves,1477,Other
2 garlic cloves,1478,Other
dry white bean,1479,Other
anaheim chilies,1480,Other
whole kernel corn,1481,Other
lemon gelatin,1482,Other
1 dried chilli (optional),1483,Other
pineapple instant pudding,1484,Other
haeo,1485,Other
salmon fillets,1486,Other
powdered soy protein concentrate,1487,Other
mixed herbs,1488,Other
1-2 green chilli,1489,Other
barbecued chicken,1490,Other
1-3 tbsp mustard oil,1491,Other
cumin powder,1492,Other
rice vinegar,1493,Other
dried marjoram,1494,Other
yellow onions,1495,Other
firm butter,1496,Other
1 bay leaf,1497,Other
3 cm piece ginger,1498,Other
low sodium chicken broth,1499,Other
ladyfinger,1500,Other
1 lemon,1501,Other
2 tbsp oil/ghee,1502,Other
raw green cabbage,1503,Other
unsalted butter,1504,Other
german chocolate bar,1505,Other
4 potatoes,1506,Other
100g brown basmati rice (or use left over rice),1507,Other
crushed pineapple,1508,Other
1 tbsp fresh coriander finely chopped,1509,Other
handful of fresh coriander,1510,Other
lea & perrins worcestershire sauce,1511,Other
red currant jelly,1512,Other
instant coffee granules,1513,Other
salsa,1514,Other
2-3 green chillies,1515,Other
1 tsp garam masala,1516,Other
2 tsp ghee or rapeseed oil,1517,Other
½ tbsp urid dhal,1518,Other
2 green chillies very finely chopped,1519,Other
lean ground beef,1520,Other
1 tbsp sesame oil,1521,Other
bicarbonate of soda,1522,Other
msg,1523,Other
400g tin of tomatoes,1524,Other
4cm piece of ginger,1525,Other
saffron,1526,Other
2 bay leaves,1527,Other
5 cloves of garlic,1528,Other
2 tsp amchoor or 1 tbsp tamarind water,1529,Other
phyllo dough,1530,Other
brussels sprouts,1531,Other
hamburger,1532,Other
macaroni,1533,Other
raspberries,1534,Other
1 green chilli chopped (optional),1535,Other
icing sugar,1536,Other
low-fat cream cheese,1537,Other
8cm piece of fresh ginger,1538,Other
paprika,1539,Other
grapes,1540,Other
½ tsp cumin seeds,1541,Other
beef stew meat,1542,Other
low sodium soy sauce,1543,Other
200g tinned chickpeas,1544,Other
hot dry mustard,1545,Other
2 whole mackeral,1546,Other
white potatoes,1547,Other
soy sauce,1548,Other
¼ tsp turmeric,1549,Other
½ tbsp ghee,1550,Other
50g big handful of spinach,1551,Other
oranges,1552,Other
5cm piece of ginger,1553,Other
olive oil,1554,Other
fryer chickens,1555,Other
allspice,1556,Other
fat free cream cheese,1557,Other
lime juice,1558,Other
radishes,1559,Other
lowfat swiss cheese,1560,Other
handful fresh coriander,1561,Other
pear,1562,Other
1 large handful of fresh spinach,1563,Other
clear broth,1564,Other
1 tsp coriander powder,1565,Other
30g fresh mint leaves,1566,Other
sweet onion,1567,Other
fresh apricot,1568,Other
white cornmeal,1569,Other
2 tbsp pomegranate seeds,1570,Other
leek,1571,Other
1 large fresh tomato,1572,Other
star anise,1573,Other
vermouth,1574,Other
coarse black pepper,1575,Other
swordfish steaks,1576,Other
1 large carrot,1577,Other
red kidney beans,1578,Other
1tsp or to taste salt,1579,Other
german chocolate,1580,Other
1 small red onion,1581,Other
2 cloves,1582,Other
3 cloves garlic,1583,Other
3 tbsp greek style yoghurt,1584,Other
6 chicken thigh fillets,1585,Other
250g roti flour,1586,Other
500g boneless chicken thigh fillets,1587,Other
flour tortilla,1588,Other
8 pieces of chicken (4 legs cut into thigh and drumsticks),1589,Other
½ tsp garam masala,1590,Other
5 curry leaves,1591,Other
graham cracker crumbs,1592,Other
10 minature potatoes,1593,Other
2 tbsp grated cucumber,1594,Other
bouillon,1595,Other
dry thyme leaves,1596,Other
tahini,1597,Other
lemon peel,1598,Other
eggplants,1599,Other
black sesame seeds,1600,Other
fat-free chicken broth,1601,Other
100g grated paneer,1602,Other
1 tsp fennel,1603,Other
stuffed green olive,1604,Other
pumpkin,1605,Other
150g habanero chillies,1606,Other
cream sherry,1607,Other
green onion top,1608,Other
dried oregano leaves,1609,Other
500g okra,1610,Other
2 x 425g tin of pilchard in tomato sauce,1611,Other
dates,1612,Other
basil leaves,1613,Other
sweet plums,1614,Other
ginger ale,1615,Other
½ tsp of fenugreek seeds,1616,Other
sun-dried tomato,1617,Other
4 tbsp of vegetable oil,1618,Other
head lettuce,1619,Other
1 or 2 potatoes,1620,Other
150ml oilve oil or rapeseed oil,1621,Other
flaked coconut,1622,Other
10 fresh curry leaves or 15 dried,1623,Other
seasoning salt,1624,Other
20g split chana lentils,1625,Other
handful of coriander leaves,1626,Other
garlic powder,1627,Other
7-10 curry leaves,1628,Other
arbol chile,1629,Other
brussels sprout,1630,Other
baking potato,1631,Other
coffee,1632,Other
1 tbsp turmeric powder,1633,Other
100g split chickpeas (chana),1634,Other
green chili pepper,1635,Other
½ tsp ginger powder,1636,Other
dried basil leaves,1637,Other
1 tsp jaggery (or brown sugar),1638,Other
thick cut orange marmalade,1639,Other
distilled vinegar,1640,Other
whole coriander seed,1641,Other
ghee,1642,Other
fresh lemongrass,1643,Other
unbleached flour,1644,Other
2 tbsp yoghurt,1645,Other
1 medium cauliflower,1646,Other
fresh water,1647,Other
200g peas,1648,Other
lemon juice to garnish,1649,Other
2-3 garlic cloves,1650,Other
oil for cooking,1651,Other
mild chili powder,1652,Other
smoked ham,1653,Other
500ml water or chicken stock,1654,Other
cabbage,1655,Other
3 tbsp coconut oil,1656,Other
asafoetida powder,1657,Other
light soy sauce,1658,Other
splash of cold milk,1659,Other
1 large marrow (approx 1-1.5kg),1660,Other
nonfat parmesan cheese,1661,Other
baking chocolate,1662,Other
4 lamb chops,1663,Other
1 tsp sea salt,1664,Other
fresh strawberries,1665,Other
50g mint leaves,1666,Other
compressed yeast,1667,Other
lemon wedges,1668,Other
dry white wine,1669,Other
1 green pepper,1670,Other
cream of tartar,1671,Other
mild curry powder,1672,Other
1 fresh red chilli,1673,Other
large handful fresh coriander,1674,Other
sprinkle of chilli powder,1675,Other
500g whole-wheat flour (atta),1676,Other
10cm piece of ginger,1677,Other
chocolate flavored coffee,1678,Other
bing cherries,1679,Other
1 or 2 chillies,1680,Other
roma tomato,1681,Other
10cm piece cassia bark,1682,Other
french-style ladyfinger cookies,1683,Other
2-3 medium carrots,1684,Other
lamb,1685,Other
1 tbsp peanuts,1686,Other
colby,1687,Other
400ml cream,1688,Other
marshmallow cream,1689,Other
1 ham knuckle,1690,Other
500g ground beef,1691,Other
tomato juice,1692,Other
swiss cheese,1693,Other
4 large white fish fillets,1694,Other
heavy cream,1695,Other
sweetened condensed milk,1696,Other
beer,1697,Other
instant espresso powder,1698,Other
1 tsp rapeseed oil,1699,Other
1 tsp garam masala powder,1700,Other
carnation evaporated milk,1701,Other
button mushrooms,1702,Other
nonfat cheddar cheese,1703,Other
green onion,1704,Other
lemon rind,1705,Other
dill,1706,Other
¼ of a cucumber,1707,Other
2 tsp black mustard seeds,1708,Other
chicken giblets,1709,Other
lowfat mozzarella cheese,1710,Other
2 tsp coconut oil,1711,Other
canning salt,1712,Other
spicy brown mustard,1713,Other
orzo pasta,1714,Other
rum,1715,Other
1 fresh chilli,1716,Other
tomato sauce with onion,1717,Other
dried currant,1718,Other
crunchy peanut butter,1719,Other
juice of 2 limes,1720,Other
100g dried chickpeas soaked overnight in 1l of water,1721,Other
coffee ice cream,1722,Other
3 tbsp rapeseed oil or ghee,1723,Other
cardamom,1724,Other
green apples,1725,Other
2 tbsp mayonnaise,1726,Other
limes,1727,Other
6 cloves garlic,1728,Other
10 tomatoes,1729,Other
2 whole sea bream (sea bass fillets if you prefer),1730,Other
2% low-fat milk,1731,Other
sage,1732,Other
serrano chilies,1733,Other
arugula,1734,Other
cooking apples,1735,Other
spring onions,1736,Other
large pinch of coriander,1737,Other
vinegar,1738,Other
large handful of finely chopped,1739,Other
35g panko breadcrumbs,1740,Other
25g tamarind hydrated in 100ml water or 1 tbsp tamarind paste mixed with 4 tbsp water,1741,Other
900ml water,1742,Other
dole&reg; banana,1743,Other
chutney,1744,Other
burgundy wine,1745,Other
1 tsp chaat masala,1746,Other
toasted hazelnuts,1747,Other
1 bulb of fennel,1748,Other
portabella mushroom caps,1749,Other
50g coriander,1750,Other
french lentils,1751,Other
2 tbs oil,1752,Other
dried lentils,1753,Other
cottage cheese,1754,Other
acorn squash,1755,Other
dry vermouth,1756,Other
¼ tsp saffron strands,1757,Other
fresh lemon juice,1758,Other
sea bass fillet,1759,Other
200g brown lentils,1760,Other
½ turmeric powder,1761,Other
2 tbsps greek yogurt,1762,Other
cinnamon,1763,Other
bell peppers,1764,Other
pasta,1765,Other
1 tsp fenugreek powder (methi),1766,Other
fresh lime juice,1767,Other
2 inch cassia bark,1768,Other
fat-free ricotta cheese,1769,Other
15 black peppercorns,1770,Other
asparagus,1771,Other
onion white,1772,Other
extra lean beef,1773,Other
bacon bits,1774,Other
2 tsp coriander seeds,1775,Other
chicken livers,1776,Other
red apple,1777,Other
dried sage,1778,Other
lettuce,1779,Other
minute rice,1780,Other
seasoned flour,1781,Other
apple cider,1782,Other
30g fresh coriander leaves,1783,Other
beef tenderloin steaks,1784,Other
navy beans,1785,Other
strawberry,1786,Other
fresh pepper,1787,Other
fresh coffee,1788,Other
1 tsp ajwain,1789,Other
chicken broth,1790,Other
nonfat dry milk solid,1791,Other
oregano leaves,1792,Other
mango chutney,1793,Other
golden rum,1794,Other
mace,1795,Other
cannellini beans,1796,Other
sweet basil,1797,Other
½ tsp oregano,1798,Other
green onion tops,1799,Other
1 tsp butter or oil,1800,Other
750g firm white fish cut into chunks,1801,Other
50g frozen peas,1802,Other
nam pla,1803,Other
6 baby corn,1804,Other
1 tsp dried fenugreek,1805,Other
tofu,1806,Other
fresh tomatoes,1807,Other
garam masala,1808,Other
broccoli,1809,Other
1 melon,1810,Other
125g chana dal,1811,Other
2 dried red chillies,1812,Other
1 tbsp rapeseed oil,1813,Other
1 carrot (diced small),1814,Other
head cauliflower,1815,Other
canned mandarin oranges,1816,Other
black peppercorns,1817,Other
lemon,1818,Other
almond paste,1819,Other
sunflower seeds,1820,Other
ground nutmeg,1821,Other
homemade pie crust,1822,Other
2 tsp cumin seeds,1823,Other
dill weed,1824,Other
fresh thyme,1825,Other
2 clove garlic,1826,Other
low-fat milk,1827,Other
½ tsp of black or brown mustard seeds,1828,Other
4 cardamoms,1829,Other
unsmoked bacon,1830,Other
2 tsp amchoor powder (dried mango powder),1831,Other
75g almond slivers,1832,Other
yogurt,1833,Other
½ tsp red chilli powder,1834,Other
½ tsp salt,1835,Other
live lobsters,1836,Other
unbleached white flour,1837,Other
1 tsp black salt,1838,Other
apricots,1839,Other
dry bow tie pasta,1840,Other
fresh coriander,1841,Other
penne,1842,Other
solid-pack pumpkin,1843,Other
½ small bunch of fresh coriander leaves,1844,Other
low-fat sharp cheddar cheese,1845,Other
2 tbsp oil,1846,Other
molasses,1847,Other
chestnut puree,1848,Other
avocado,1849,Other
beef mince,1850,Other
1 potato,1851,Other
mustard,1852,Other
marsala,1853,Other
approx. 1l of water,1854,Other
worcestershire sauce,1855,Other
vanilla ice cream,1856,Other
½ red chilli,1857,Other
brazil nut,1858,Other
2 cups of water (to cook in),1859,Other
shortening,1860,Other
tap water,1861,Other
